#ifdef __has_include
#if __has_include("lvgl.h")
#ifndef LV_LVGL_H_INCLUDE_SIMPLE
#define LV_LVGL_H_INCLUDE_SIMPLE
#endif
#endif
#endif

#if defined(LV_LVGL_H_INCLUDE_SIMPLE)
#include "lvgl.h"
#else
#include "lvgl/lvgl.h"
#endif

#ifndef LV_ATTRIBUTE_MEM_ALIGN
#define LV_ATTRIBUTE_MEM_ALIGN
#endif

#ifndef LV_ATTRIBUTE_IMG_HEARTS_SUPERWIDE
#define LV_ATTRIBUTE_IMG_HEARTS_SUPERWIDE
#endif

const LV_ATTRIBUTE_MEM_ALIGN LV_ATTRIBUTE_LARGE_CONST LV_ATTRIBUTE_IMG_HEARTS_SUPERWIDE uint8_t hearts_superwide_map[] = {
    0x00,
    0x00,
    0x00,
    0xff, /*Color of index 0*/
    0xb8,
    0xb7,
    0xf7,
    0xff, /*Color of index 1*/
    0xb5,
    0xb4,
    0xf7,
    0xff, /*Color of index 2*/
    0xb0,
    0xae,
    0xf6,
    0xff, /*Color of index 3*/
    0xab,
    0xa8,
    0xf6,
    0xff, /*Color of index 4*/
    0xa9,
    0xa5,
    0xf5,
    0xff, /*Color of index 5*/
    0xa4,
    0xa0,
    0xf5,
    0xff, /*Color of index 6*/
    0xa0,
    0x9c,
    0xf5,
    0xff, /*Color of index 7*/
    0x9d,
    0x99,
    0xf4,
    0xff, /*Color of index 8*/
    0x99,
    0x94,
    0xf4,
    0xff, /*Color of index 9*/
    0x94,
    0x90,
    0xf5,
    0xff, /*Color of index 10*/
    0x91,
    0x8b,
    0xf3,
    0xff, /*Color of index 11*/
    0x8d,
    0x88,
    0xf3,
    0xff, /*Color of index 12*/
    0x8e,
    0x89,
    0xee,
    0xff, /*Color of index 13*/
    0x8d,
    0x86,
    0xf4,
    0xff, /*Color of index 14*/
    0x8a,
    0x84,
    0xf3,
    0xff, /*Color of index 15*/
    0x87,
    0x80,
    0xf2,
    0xff, /*Color of index 16*/
    0x81,
    0x7a,
    0xf2,
    0xff, /*Color of index 17*/
    0x7b,
    0x73,
    0xf2,
    0xff, /*Color of index 18*/
    0x78,
    0x73,
    0xed,
    0xff, /*Color of index 19*/
    0x78,
    0x73,
    0xe6,
    0xff, /*Color of index 20*/
    0x73,
    0x6a,
    0xf1,
    0xff, /*Color of index 21*/
    0x6f,
    0x6a,
    0xf2,
    0xff, /*Color of index 22*/
    0x70,
    0x6a,
    0xec,
    0xff, /*Color of index 23*/
    0x6f,
    0x66,
    0xf1,
    0xff, /*Color of index 24*/
    0x6d,
    0x66,
    0xef,
    0xff, /*Color of index 25*/
    0x71,
    0x6d,
    0xd2,
    0xff, /*Color of index 26*/
    0x6b,
    0x62,
    0xf1,
    0xff, /*Color of index 27*/
    0x66,
    0x60,
    0xee,
    0xff, /*Color of index 28*/
    0x67,
    0x5f,
    0xf1,
    0xff, /*Color of index 29*/
    0x67,
    0x5e,
    0xf1,
    0xff, /*Color of index 30*/
    0x69,
    0x63,
    0xd6,
    0xff, /*Color of index 31*/
    0x66,
    0x60,
    0xdf,
    0xff, /*Color of index 32*/
    0x63,
    0x5a,
    0xf0,
    0xff, /*Color of index 33*/
    0x5e,
    0x58,
    0xf0,
    0xff, /*Color of index 34*/
    0x60,
    0x57,
    0xf0,
    0xff, /*Color of index 35*/
    0x66,
    0x61,
    0xc9,
    0xff, /*Color of index 36*/
    0x5f,
    0x55,
    0xef,
    0xff, /*Color of index 37*/
    0x64,
    0x5b,
    0xd7,
    0xff, /*Color of index 38*/
    0x5e,
    0x57,
    0xe4,
    0xff, /*Color of index 39*/
    0x5b,
    0x54,
    0xef,
    0xff, /*Color of index 40*/
    0x58,
    0x52,
    0xee,
    0xff, /*Color of index 41*/
    0x56,
    0x50,
    0xf0,
    0xff, /*Color of index 42*/
    0x55,
    0x4f,
    0xe8,
    0xff, /*Color of index 43*/
    0x54,
    0x4c,
    0xf0,
    0xff, /*Color of index 44*/
    0x53,
    0x4c,
    0xeb,
    0xff, /*Color of index 45*/
    0x50,
    0x49,
    0xef,
    0xff, /*Color of index 46*/
    0x4f,
    0x47,
    0xe9,
    0xff, /*Color of index 47*/
    0x4c,
    0x45,
    0xef,
    0xff, /*Color of index 48*/
    0x58,
    0x54,
    0xb1,
    0xff, /*Color of index 49*/
    0x4f,
    0x4b,
    0xd2,
    0xff, /*Color of index 50*/
    0x4b,
    0x45,
    0xe7,
    0xff, /*Color of index 51*/
    0x4a,
    0x43,
    0xed,
    0xff, /*Color of index 52*/
    0x47,
    0x41,
    0xef,
    0xff, /*Color of index 53*/
    0x54,
    0x52,
    0xab,
    0xff, /*Color of index 54*/
    0x45,
    0x3f,
    0xed,
    0xff, /*Color of index 55*/
    0x50,
    0x4c,
    0xbd,
    0xff, /*Color of index 56*/
    0x47,
    0x41,
    0xe5,
    0xff, /*Color of index 57*/
    0x45,
    0x3f,
    0xe6,
    0xff, /*Color of index 58*/
    0x46,
    0x3e,
    0xe9,
    0xff, /*Color of index 59*/
    0x53,
    0x4c,
    0xb3,
    0xff, /*Color of index 60*/
    0x42,
    0x3c,
    0xec,
    0xff, /*Color of index 61*/
    0x3f,
    0x3b,
    0xef,
    0xff, /*Color of index 62*/
    0x47,
    0x42,
    0xd3,
    0xff, /*Color of index 63*/
    0x51,
    0x4e,
    0xa3,
    0xff, /*Color of index 64*/
    0x47,
    0x44,
    0xc7,
    0xff, /*Color of index 65*/
    0x46,
    0x42,
    0xcb,
    0xff, /*Color of index 66*/
    0x49,
    0x46,
    0xb9,
    0xff, /*Color of index 67*/
    0x3d,
    0x38,
    0xec,
    0xff, /*Color of index 68*/
    0x4f,
    0x4b,
    0x9f,
    0xff, /*Color of index 69*/
    0x38,
    0x34,
    0xeb,
    0xff, /*Color of index 70*/
    0x3b,
    0x35,
    0xe6,
    0xff, /*Color of index 71*/
    0x49,
    0x45,
    0xab,
    0xff, /*Color of index 72*/
    0x3f,
    0x38,
    0xd7,
    0xff, /*Color of index 73*/
    0x3a,
    0x36,
    0xd9,
    0xff, /*Color of index 74*/
    0x37,
    0x32,
    0xe7,
    0xff, /*Color of index 75*/
    0x34,
    0x31,
    0xeb,
    0xff, /*Color of index 76*/
    0x41,
    0x3d,
    0xb9,
    0xff, /*Color of index 77*/
    0x38,
    0x36,
    0xca,
    0xff, /*Color of index 78*/
    0x37,
    0x32,
    0xd7,
    0xff, /*Color of index 79*/
    0x2f,
    0x2d,
    0xe9,
    0xff, /*Color of index 80*/
    0x45,
    0x41,
    0x9b,
    0xff, /*Color of index 81*/
    0x43,
    0x3f,
    0xa2,
    0xff, /*Color of index 82*/
    0x33,
    0x2f,
    0xda,
    0xff, /*Color of index 83*/
    0x30,
    0x2b,
    0xe6,
    0xff, /*Color of index 84*/
    0x46,
    0x41,
    0x94,
    0xff, /*Color of index 85*/
    0x2d,
    0x29,
    0xe5,
    0xff, /*Color of index 86*/
    0x2b,
    0x28,
    0xe9,
    0xff, /*Color of index 87*/
    0x2e,
    0x2a,
    0xdf,
    0xff, /*Color of index 88*/
    0x3a,
    0x35,
    0xb4,
    0xff, /*Color of index 89*/
    0x28,
    0x25,
    0xe8,
    0xff, /*Color of index 90*/
    0x37,
    0x32,
    0xb1,
    0xff, /*Color of index 91*/
    0x29,
    0x24,
    0xe4,
    0xff, /*Color of index 92*/
    0x41,
    0x3e,
    0x82,
    0xff, /*Color of index 93*/
    0x24,
    0x22,
    0xea,
    0xff, /*Color of index 94*/
    0x3b,
    0x37,
    0x99,
    0xff, /*Color of index 95*/
    0x2f,
    0x2a,
    0xc5,
    0xff, /*Color of index 96*/
    0x3b,
    0x38,
    0x90,
    0xff, /*Color of index 97*/
    0x32,
    0x2d,
    0xb7,
    0xff, /*Color of index 98*/
    0x23,
    0x20,
    0xe6,
    0xff, /*Color of index 99*/
    0x28,
    0x23,
    0xd4,
    0xff, /*Color of index 100*/
    0x3d,
    0x39,
    0x82,
    0xff, /*Color of index 101*/
    0x26,
    0x20,
    0xdd,
    0xff, /*Color of index 102*/
    0x1f,
    0x1d,
    0xe9,
    0xff, /*Color of index 103*/
    0x20,
    0x1d,
    0xe5,
    0xff, /*Color of index 104*/
    0x28,
    0x23,
    0xce,
    0xff, /*Color of index 105*/
    0x31,
    0x2d,
    0xa6,
    0xff, /*Color of index 106*/
    0x2d,
    0x2a,
    0xaf,
    0xff, /*Color of index 107*/
    0x23,
    0x1f,
    0xd7,
    0xff, /*Color of index 108*/
    0x1c,
    0x1a,
    0xe9,
    0xff, /*Color of index 109*/
    0x20,
    0x1d,
    0xdd,
    0xff, /*Color of index 110*/
    0x29,
    0x26,
    0xbb,
    0xff, /*Color of index 111*/
    0x38,
    0x34,
    0x82,
    0xff, /*Color of index 112*/
    0x35,
    0x32,
    0x89,
    0xff, /*Color of index 113*/
    0x1d,
    0x19,
    0xe4,
    0xff, /*Color of index 114*/
    0x1d,
    0x1b,
    0xd8,
    0xff, /*Color of index 115*/
    0x26,
    0x22,
    0xbd,
    0xff, /*Color of index 116*/
    0x18,
    0x16,
    0xe8,
    0xff, /*Color of index 117*/
    0x1c,
    0x1b,
    0xd1,
    0xff, /*Color of index 118*/
    0x1d,
    0x1b,
    0xce,
    0xff, /*Color of index 119*/
    0x19,
    0x15,
    0xe2,
    0xff, /*Color of index 120*/
    0x15,
    0x12,
    0xe6,
    0xff, /*Color of index 121*/
    0x19,
    0x14,
    0xdb,
    0xff, /*Color of index 122*/
    0x30,
    0x2d,
    0x7a,
    0xff, /*Color of index 123*/
    0x1e,
    0x1c,
    0xb9,
    0xff, /*Color of index 124*/
    0x33,
    0x2e,
    0x74,
    0xff, /*Color of index 125*/
    0x14,
    0x10,
    0xe1,
    0xff, /*Color of index 126*/
    0x17,
    0x15,
    0xcd,
    0xff, /*Color of index 127*/
    0x28,
    0x26,
    0x8d,
    0xff, /*Color of index 128*/
    0x18,
    0x12,
    0xd3,
    0xff, /*Color of index 129*/
    0x15,
    0x0f,
    0xda,
    0xff, /*Color of index 130*/
    0x0e,
    0x0b,
    0xe7,
    0xff, /*Color of index 131*/
    0x10,
    0x0b,
    0xe6,
    0xff, /*Color of index 132*/
    0x18,
    0x15,
    0xc1,
    0xff, /*Color of index 133*/
    0x22,
    0x1c,
    0xa6,
    0xff, /*Color of index 134*/
    0x10,
    0x0c,
    0xe1,
    0xff, /*Color of index 135*/
    0x1b,
    0x19,
    0xb1,
    0xff, /*Color of index 136*/
    0x14,
    0x11,
    0xcd,
    0xff, /*Color of index 137*/
    0x13,
    0x0f,
    0xd4,
    0xff, /*Color of index 138*/
    0x0e,
    0x0a,
    0xe2,
    0xff, /*Color of index 139*/
    0x29,
    0x27,
    0x76,
    0xff, /*Color of index 140*/
    0x1c,
    0x16,
    0xb1,
    0xff, /*Color of index 141*/
    0x19,
    0x17,
    0xae,
    0xff, /*Color of index 142*/
    0x0e,
    0x0a,
    0xdb,
    0xff, /*Color of index 143*/
    0x13,
    0x10,
    0xc5,
    0xff, /*Color of index 144*/
    0x1d,
    0x19,
    0xa3,
    0xff, /*Color of index 145*/
    0x10,
    0x09,
    0xda,
    0xff, /*Color of index 146*/
    0x0e,
    0x09,
    0xd4,
    0xff, /*Color of index 147*/
    0x16,
    0x11,
    0xb6,
    0xff, /*Color of index 148*/
    0x2a,
    0x25,
    0x69,
    0xff, /*Color of index 149*/
    0x13,
    0x0f,
    0xba,
    0xff, /*Color of index 150*/
    0x0f,
    0x0c,
    0xc5,
    0xff, /*Color of index 151*/
    0x10,
    0x08,
    0xd2,
    0xff, /*Color of index 152*/
    0x21,
    0x1f,
    0x7b,
    0xff, /*Color of index 153*/
    0x0f,
    0x08,
    0xcd,
    0xff, /*Color of index 154*/
    0x11,
    0x07,
    0xcf,
    0xff, /*Color of index 155*/
    0x0e,
    0x08,
    0xca,
    0xff, /*Color of index 156*/
    0x1a,
    0x18,
    0x8f,
    0xff, /*Color of index 157*/
    0x0f,
    0x0b,
    0xbe,
    0xff, /*Color of index 158*/
    0x12,
    0x10,
    0xab,
    0xff, /*Color of index 159*/
    0x11,
    0x06,
    0xca,
    0xff, /*Color of index 160*/
    0x14,
    0x10,
    0xa6,
    0xff, /*Color of index 161*/
    0x0f,
    0x0c,
    0xb5,
    0xff, /*Color of index 162*/
    0x0d,
    0x08,
    0xc3,
    0xff, /*Color of index 163*/
    0x10,
    0x06,
    0xc7,
    0xff, /*Color of index 164*/
    0x0e,
    0x07,
    0xc4,
    0xff, /*Color of index 165*/
    0x1b,
    0x19,
    0x83,
    0xff, /*Color of index 166*/
    0x10,
    0x0e,
    0xab,
    0xff, /*Color of index 167*/
    0x14,
    0x12,
    0x9c,
    0xff, /*Color of index 168*/
    0x25,
    0x23,
    0x5a,
    0xff, /*Color of index 169*/
    0x0c,
    0x08,
    0xbb,
    0xff, /*Color of index 170*/
    0x12,
    0x0e,
    0xa4,
    0xff, /*Color of index 171*/
    0x12,
    0x05,
    0xc2,
    0xff, /*Color of index 172*/
    0x15,
    0x12,
    0x93,
    0xff, /*Color of index 173*/
    0x22,
    0x1f,
    0x62,
    0xff, /*Color of index 174*/
    0x0f,
    0x06,
    0xbc,
    0xff, /*Color of index 175*/
    0x0c,
    0x09,
    0xb2,
    0xff, /*Color of index 176*/
    0x17,
    0x14,
    0x85,
    0xff, /*Color of index 177*/
    0x12,
    0x04,
    0xbc,
    0xff, /*Color of index 178*/
    0x19,
    0x17,
    0x79,
    0xff, /*Color of index 179*/
    0x0c,
    0x09,
    0xaa,
    0xff, /*Color of index 180*/
    0x1d,
    0x1a,
    0x6b,
    0xff, /*Color of index 181*/
    0x10,
    0x0c,
    0x9e,
    0xff, /*Color of index 182*/
    0x0e,
    0x06,
    0xb2,
    0xff, /*Color of index 183*/
    0x24,
    0x22,
    0x48,
    0xff, /*Color of index 184*/
    0x19,
    0x17,
    0x6f,
    0xff, /*Color of index 185*/
    0x13,
    0x03,
    0xb3,
    0xff, /*Color of index 186*/
    0x0e,
    0x0c,
    0x96,
    0xff, /*Color of index 187*/
    0x0c,
    0x06,
    0xaa,
    0xff, /*Color of index 188*/
    0x0b,
    0x07,
    0xa3,
    0xff, /*Color of index 189*/
    0x12,
    0x03,
    0xab,
    0xff, /*Color of index 190*/
    0x10,
    0x0f,
    0x80,
    0xff, /*Color of index 191*/
    0x15,
    0x14,
    0x6d,
    0xff, /*Color of index 192*/
    0x0d,
    0x05,
    0xa2,
    0xff, /*Color of index 193*/
    0x0a,
    0x07,
    0x9a,
    0xff, /*Color of index 194*/
    0x11,
    0x03,
    0xa4,
    0xff, /*Color of index 195*/
    0x1c,
    0x19,
    0x52,
    0xff, /*Color of index 196*/
    0x0a,
    0x07,
    0x94,
    0xff, /*Color of index 197*/
    0x0c,
    0x05,
    0x9a,
    0xff, /*Color of index 198*/
    0x1c,
    0x1a,
    0x4d,
    0xff, /*Color of index 199*/
    0x0b,
    0x08,
    0x8d,
    0xff, /*Color of index 200*/
    0x10,
    0x0e,
    0x77,
    0xff, /*Color of index 201*/
    0x10,
    0x03,
    0x9c,
    0xff, /*Color of index 202*/
    0x10,
    0x0d,
    0x79,
    0xff, /*Color of index 203*/
    0x12,
    0x0f,
    0x6e,
    0xff, /*Color of index 204*/
    0x0b,
    0x05,
    0x92,
    0xff, /*Color of index 205*/
    0x0a,
    0x08,
    0x86,
    0xff, /*Color of index 206*/
    0x10,
    0x02,
    0x93,
    0xff, /*Color of index 207*/
    0x0b,
    0x05,
    0x8a,
    0xff, /*Color of index 208*/
    0x0b,
    0x0a,
    0x76,
    0xff, /*Color of index 209*/
    0x09,
    0x08,
    0x7a,
    0xff, /*Color of index 210*/
    0x0f,
    0x02,
    0x8c,
    0xff, /*Color of index 211*/
    0x0a,
    0x05,
    0x83,
    0xff, /*Color of index 212*/
    0x1b,
    0x19,
    0x39,
    0xff, /*Color of index 213*/
    0x13,
    0x11,
    0x54,
    0xff, /*Color of index 214*/
    0x10,
    0x0e,
    0x5e,
    0xff, /*Color of index 215*/
    0x0f,
    0x02,
    0x85,
    0xff, /*Color of index 216*/
    0x0b,
    0x0a,
    0x67,
    0xff, /*Color of index 217*/
    0x0a,
    0x04,
    0x7b,
    0xff, /*Color of index 218*/
    0x0b,
    0x08,
    0x6b,
    0xff, /*Color of index 219*/
    0x08,
    0x05,
    0x71,
    0xff, /*Color of index 220*/
    0x0a,
    0x03,
    0x73,
    0xff, /*Color of index 221*/
    0x16,
    0x14,
    0x32,
    0xff, /*Color of index 222*/
    0x07,
    0x05,
    0x68,
    0xff, /*Color of index 223*/
    0x08,
    0x07,
    0x5e,
    0xff, /*Color of index 224*/
    0x07,
    0x05,
    0x62,
    0xff, /*Color of index 225*/
    0x12,
    0x10,
    0x39,
    0xff, /*Color of index 226*/
    0x10,
    0x0f,
    0x3d,
    0xff, /*Color of index 227*/
    0x09,
    0x02,
    0x6b,
    0xff, /*Color of index 228*/
    0x0c,
    0x0b,
    0x4b,
    0xff, /*Color of index 229*/
    0x0b,
    0x08,
    0x53,
    0xff, /*Color of index 230*/
    0x0a,
    0x02,
    0x64,
    0xff, /*Color of index 231*/
    0x0c,
    0x0b,
    0x43,
    0xff, /*Color of index 232*/
    0x06,
    0x04,
    0x5a,
    0xff, /*Color of index 233*/
    0x0e,
    0x0d,
    0x38,
    0xff, /*Color of index 234*/
    0x09,
    0x02,
    0x5d,
    0xff, /*Color of index 235*/
    0x10,
    0x0f,
    0x2b,
    0xff, /*Color of index 236*/
    0x06,
    0x04,
    0x53,
    0xff, /*Color of index 237*/
    0x05,
    0x04,
    0x4c,
    0xff, /*Color of index 238*/
    0x0c,
    0x0a,
    0x34,
    0xff, /*Color of index 239*/
    0x08,
    0x01,
    0x52,
    0xff, /*Color of index 240*/
    0x08,
    0x01,
    0x49,
    0xff, /*Color of index 241*/
    0x05,
    0x03,
    0x42,
    0xff, /*Color of index 242*/
    0x07,
    0x01,
    0x41,
    0xff, /*Color of index 243*/
    0x04,
    0x03,
    0x3b,
    0xff, /*Color of index 244*/
    0x07,
    0x01,
    0x3d,
    0xff, /*Color of index 245*/
    0x0a,
    0x09,
    0x1c,
    0xff, /*Color of index 246*/
    0x04,
    0x02,
    0x33,
    0xff, /*Color of index 247*/
    0x06,
    0x05,
    0x25,
    0xff, /*Color of index 248*/
    0x09,
    0x08,
    0x14,
    0xff, /*Color of index 249*/
    0x03,
    0x01,
    0x2b,
    0xff, /*Color of index 250*/
    0x03,
    0x01,
    0x22,
    0xff, /*Color of index 251*/
    0x06,
    0x05,
    0x12,
    0xff, /*Color of index 252*/
    0x02,
    0x01,
    0x1a,
    0xff, /*Color of index 253*/
    0x01,
    0x00,
    0x12,
    0xff, /*Color of index 254*/
    0x01,
    0x00,
    0x09,
    0xff, /*Color of index 255*/

    0x00,
    0x00,
    0x00,
    0x00,
    0x00,
    0x00,
    0x00,
    0x00,
    0x00,
    0x00,
    0x00,
    0x00,
    0x00,
    0x00,
    0x00,
    0x00,
    0x00,
    0x00,
    0x00,
    0x00,
    0x00,
    0x00,
    0x00,
    0x00,
    0x00,
    0x00,
    0x00,
    0x00,
    0x00,
    0x00,
    0x00,
    0x00,
    0x00,
    0x00,
    0x00,
    0x00,
    0x00,
    0x00,
    0x00,
    0x00,
    0x00,
    0x00,
    0x00,
    0x00,
    0x00,
    0x00,
    0x00,
    0x00,
    0x00,
    0x00,
    0x00,
    0x00,
    0x00,
    0x00,
    0x00,
    0x00,
    0x00,
    0x00,
    0x00,
    0x00,
    0x00,
    0x00,
    0x00,
    0x00,
    0x00,
    0x00,
    0x00,
    0x00,
    0x00,
    0x00,
    0x00,
    0x00,
    0x00,
    0x00,
    0x00,
    0x00,
    0x00,
    0x00,
    0x00,
    0x00,
    0x00,
    0x00,
    0x00,
    0x00,
    0x00,
    0x00,
    0x00,
    0x00,
    0x00,
    0x00,
    0x00,
    0x00,
    0x00,
    0x00,
    0x00,
    0x00,
    0x00,
    0x00,
    0x00,
    0x00,
    0x00,
    0x00,
    0x00,
    0x00,
    0x00,
    0x00,
    0x00,
    0x00,
    0x00,
    0x00,
    0x00,
    0x00,
    0x00,
    0x00,
    0x00,
    0x00,
    0x00,
    0x00,
    0x00,
    0x00,
    0x00,
    0x00,
    0x00,
    0x00,
    0x00,
    0x00,
    0x00,
    0x00,
    0x00,
    0x00,
    0x00,
    0x00,
    0x00,
    0x00,
    0x00,
    0x00,
    0x00,
    0x00,
    0x00,
    0x00,
    0x00,
    0x00,
    0x00,
    0x00,
    0x00,
    0x00,
    0x00,
    0x00,
    0x00,
    0x00,
    0x00,
    0x00,
    0x00,
    0x00,
    0x00,
    0x00,
    0x00,
    0x00,
    0x00,
    0x00,
    0x00,
    0x00,
    0x00,
    0x00,
    0x00,
    0x00,
    0x00,
    0x00,
    0x00,
    0x00,
    0x00,
    0x00,
    0x00,
    0x00,
    0x00,
    0x00,
    0x00,
    0x00,
    0x00,
    0x00,
    0x00,
    0x00,
    0x00,
    0x00,
    0x00,
    0x00,
    0x00,
    0x00,
    0xfd,
    0xfe,
    0xff,
    0x00,
    0x00,
    0x00,
    0x00,
    0x00,
    0x00,
    0x00,
    0x00,
    0x00,
    0x00,
    0x00,
    0x00,
    0x00,
    0x00,
    0x00,
    0x00,
    0x00,
    0x00,
    0xfd,
    0xee,
    0xdf,
    0xe1,
    0xf4,
    0xfe,
    0x00,
    0x00,
    0x00,
    0x00,
    0x00,
    0x00,
    0x00,
    0x00,
    0x00,
    0x00,
    0x00,
    0x00,
    0x00,
    0x00,
    0x00,
    0x00,
    0x00,
    0x00,
    0x00,
    0x00,
    0x00,
    0x00,
    0x00,
    0x00,
    0x00,
    0x00,
    0x00,
    0x00,
    0x00,
    0x00,
    0x00,
    0x00,
    0x00,
    0x00,
    0x00,
    0x00,
    0x00,
    0x00,
    0x00,
    0x00,
    0x00,
    0x00,
    0x00,
    0x00,
    0x00,
    0x00,
    0x00,
    0x00,
    0x00,
    0x00,
    0x00,
    0x00,
    0x00,
    0x00,
    0x00,
    0x00,
    0x00,
    0x00,
    0x00,
    0x00,
    0x00,
    0x00,
    0x00,
    0x00,
    0x00,
    0x00,
    0x00,
    0x00,
    0x00,
    0x00,
    0x00,
    0x00,
    0x00,
    0x00,
    0x00,
    0x00,
    0x00,
    0x00,
    0x00,
    0x00,
    0x00,
    0x00,
    0x00,
    0x00,
    0x00,
    0x00,
    0x00,
    0x00,
    0x00,
    0x00,
    0x00,
    0x00,
    0x00,
    0x00,
    0x00,
    0x00,
    0x00,
    0x00,
    0x00,
    0x00,
    0x00,
    0x00,
    0x00,
    0x00,
    0x00,
    0x00,
    0x00,
    0x00,
    0x00,
    0x00,
    0x00,
    0x00,
    0x00,
    0x00,
    0x00,
    0x00,
    0x00,
    0x00,
    0x00,
    0x00,
    0x00,
    0x00,
    0x00,
    0x00,
    0x00,
    0x00,
    0x00,
    0x00,
    0x00,
    0x00,
    0x00,
    0x00,
    0x00,
    0x00,
    0x00,
    0x00,
    0x00,
    0x00,
    0x00,
    0x00,
    0x00,
    0x00,
    0x00,
    0x00,
    0x00,
    0x00,
    0x00,
    0x00,
    0x00,
    0x00,
    0x00,
    0x00,
    0x00,
    0x00,
    0x00,
    0x00,
    0x00,
    0x00,
    0x00,
    0x00,
    0x00,
    0x00,
    0x00,
    0x00,
    0x00,
    0x00,
    0x00,
    0x00,
    0x00,
    0x00,
    0x00,
    0x00,
    0x00,
    0x00,
    0x00,
    0x00,
    0x00,
    0x00,
    0x00,
    0x00,
    0x00,
    0x00,
    0x00,
    0x00,
    0x00,
    0x00,
    0x00,
    0x00,
    0x00,
    0x00,
    0x00,
    0x00,
    0x00,
    0x00,
    0x00,
    0x00,
    0x00,
    0x00,
    0x00,
    0x00,
    0x00,
    0x00,
    0x00,
    0x00,
    0x00,
    0x00,
    0x00,
    0x00,
    0x00,
    0x00,
    0x00,
    0x00,
    0x00,
    0x00,
    0x00,
    0x00,
    0x00,
    0x00,
    0x00,
    0x00,
    0x00,
    0x00,
    0x00,
    0x00,
    0x00,
    0x00,
    0x00,
    0x00,
    0x00,
    0x00,
    0x00,
    0x00,
    0x00,
    0x00,
    0x00,
    0x00,
    0x00,
    0x00,
    0x00,
    0x00,
    0x00,
    0x00,
    0x00,
    0x00,
    0x00,
    0x00,
    0x00,
    0x00,
    0x00,
    0x00,
    0x00,
    0x00,
    0x00,
    0x00,
    0x00,
    0x00,
    0x00,
    0x00,
    0x00,
    0x00,
    0x00,
    0x00,
    0x00,
    0x00,
    0x00,
    0x00,
    0x00,
    0x00,
    0x00,
    0x00,
    0x00,
    0x00,
    0x00,
    0x00,
    0x00,
    0x00,
    0x00,
    0x00,
    0x00,
    0x00,
    0x00,
    0x00,
    0x00,
    0x00,
    0x00,
    0x00,
    0x00,
    0x00,
    0x00,
    0x00,
    0x00,
    0x00,
    0xff,
    0xce,
    0x82,
    0x75,
    0x67,
    0x67,
    0x6d,
    0x8a,
    0xc2,
    0xfd,
    0x00,
    0x00,
    0x00,
    0x00,
    0x00,
    0x00,
    0x00,
    0x00,
    0x00,
    0x00,
    0x00,
    0x00,
    0x00,
    0x00,
    0x00,
    0x00,
    0x00,
    0x00,
    0x00,
    0x00,
    0x00,
    0x00,
    0x00,
    0x00,
    0x00,
    0x00,
    0x00,
    0x00,
    0x00,
    0x00,
    0x00,
    0x00,
    0x00,
    0x00,
    0x00,
    0x00,
    0x00,
    0x00,
    0x00,
    0x00,
    0x00,
    0x00,
    0x00,
    0x00,
    0x00,
    0x00,
    0x00,
    0x00,
    0x00,
    0x00,
    0x00,
    0x00,
    0x00,
    0x00,
    0x00,
    0x00,
    0x00,
    0x00,
    0x00,
    0x00,
    0x00,
    0x00,
    0x00,
    0x00,
    0x00,
    0x00,
    0x00,
    0x00,
    0x00,
    0x00,
    0x00,
    0x00,
    0x00,
    0x00,
    0x00,
    0x00,
    0x00,
    0x00,
    0x00,
    0x00,
    0x00,
    0x00,
    0x00,
    0x00,
    0x00,
    0x00,
    0x00,
    0x00,
    0x00,
    0x00,
    0x00,
    0x00,
    0x00,
    0x00,
    0x00,
    0x00,
    0x00,
    0x00,
    0x00,
    0x00,
    0x00,
    0x00,
    0x00,
    0x00,
    0x00,
    0x00,
    0x00,
    0x00,
    0x00,
    0x00,
    0x00,
    0x00,
    0x00,
    0x00,
    0x00,
    0x00,
    0x00,
    0x00,
    0x00,
    0x00,
    0x00,
    0x00,
    0x00,
    0x00,
    0x00,
    0x00,
    0x00,
    0x00,
    0x00,
    0x00,
    0x00,
    0x00,
    0x00,
    0x00,
    0x00,
    0x00,
    0x00,
    0x00,
    0x00,
    0x00,
    0x00,
    0x00,
    0x00,
    0x00,
    0x00,
    0x00,
    0x00,
    0x00,
    0x00,
    0x00,
    0x00,
    0x00,
    0x00,
    0x00,
    0x00,
    0x00,
    0x00,
    0x00,
    0x00,
    0x00,
    0x00,
    0x00,
    0x00,
    0x00,
    0x00,
    0x00,
    0x00,
    0x00,
    0x00,
    0x00,
    0x00,
    0x00,
    0x00,
    0x00,
    0x00,
    0x00,
    0x00,
    0x00,
    0x00,
    0x00,
    0x00,
    0x00,
    0x00,
    0x00,
    0x00,
    0x00,
    0x00,
    0x00,
    0x00,
    0x00,
    0x00,
    0x00,
    0x00,
    0x00,
    0x00,
    0x00,
    0x00,
    0x00,
    0x00,
    0x00,
    0x00,
    0x00,
    0x00,
    0x00,
    0x00,
    0x00,
    0x00,
    0x00,
    0x00,
    0x00,
    0x00,
    0x00,
    0x00,
    0x00,
    0x00,
    0x00,
    0x00,
    0x00,
    0x00,
    0x00,
    0x00,
    0x00,
    0x00,
    0x00,
    0x00,
    0x00,
    0x00,
    0x00,
    0x00,
    0x00,
    0x00,
    0x00,
    0x00,
    0x00,
    0x00,
    0x00,
    0x00,
    0x00,
    0x00,
    0x00,
    0x00,
    0x00,
    0x00,
    0x00,
    0x00,
    0x00,
    0x00,
    0x00,
    0x00,
    0x00,
    0x00,
    0x00,
    0x00,
    0x00,
    0x00,
    0x00,
    0x00,
    0x00,
    0x00,
    0x00,
    0x00,
    0x00,
    0x00,
    0x00,
    0x00,
    0x00,
    0x00,
    0x00,
    0x00,
    0x00,
    0x00,
    0x00,
    0x00,
    0x00,
    0x00,
    0x00,
    0x00,
    0x00,
    0x00,
    0x00,
    0x00,
    0x00,
    0x00,
    0x00,
    0x00,
    0x00,
    0x00,
    0x00,
    0x00,
    0x00,
    0xd4,
    0x8b,
    0x78,
    0x5e,
    0x46,
    0x30,
    0x30,
    0x4c,
    0x79,
    0xaa,
    0xff,
    0xff,
    0xf4,
    0xdf,
    0xdf,
    0xee,
    0xfb,
    0x00,
    0x00,
    0x00,
    0x00,
    0x00,
    0x00,
    0x00,
    0x00,
    0x00,
    0x00,
    0x00,
    0x00,
    0x00,
    0x00,
    0x00,
    0x00,
    0x00,
    0x00,
    0x00,
    0x00,
    0x00,
    0x00,
    0x00,
    0x00,
    0x00,
    0x00,
    0x00,
    0x00,
    0x00,
    0x00,
    0x00,
    0x00,
    0x00,
    0x00,
    0x00,
    0x00,
    0x00,
    0x00,
    0x00,
    0x00,
    0x00,
    0x00,
    0x00,
    0x00,
    0x00,
    0xfe,
    0xfb,
    0xfe,
    0x00,
    0x00,
    0x00,
    0x00,
    0x00,
    0x00,
    0x00,
    0x00,
    0x00,
    0x00,
    0x00,
    0x00,
    0x00,
    0x00,
    0x00,
    0x00,
    0x00,
    0x00,
    0x00,
    0x00,
    0x00,
    0x00,
    0x00,
    0x00,
    0x00,
    0x00,
    0x00,
    0x00,
    0x00,
    0x00,
    0x00,
    0x00,
    0x00,
    0x00,
    0x00,
    0x00,
    0x00,
    0x00,
    0x00,
    0x00,
    0x00,
    0x00,
    0x00,
    0x00,
    0x00,
    0x00,
    0x00,
    0x00,
    0x00,
    0x00,
    0x00,
    0x00,
    0x00,
    0x00,
    0x00,
    0x00,
    0x00,
    0x00,
    0x00,
    0x00,
    0xfd,
    0xee,
    0xe0,
    0xee,
    0xfb,
    0x00,
    0xff,
    0xfe,
    0xfe,
    0x00,
    0x00,
    0x00,
    0x00,
    0x00,
    0x00,
    0x00,
    0x00,
    0x00,
    0x00,
    0x00,
    0x00,
    0x00,
    0x00,
    0x00,
    0x00,
    0x00,
    0x00,
    0x00,
    0x00,
    0x00,
    0x00,
    0x00,
    0x00,
    0x00,
    0x00,
    0x00,
    0x00,
    0x00,
    0x00,
    0x00,
    0x00,
    0x00,
    0x00,
    0x00,
    0x00,
    0x00,
    0x00,
    0x00,
    0x00,
    0x00,
    0x00,
    0x00,
    0x00,
    0x00,
    0x00,
    0x00,
    0x00,
    0x00,
    0x00,
    0x00,
    0x00,
    0x00,
    0x00,
    0x00,
    0x00,
    0x00,
    0x00,
    0x00,
    0x00,
    0x00,
    0x00,
    0x00,
    0x00,
    0x00,
    0x00,
    0x00,
    0x00,
    0x00,
    0x00,
    0x00,
    0x00,
    0x00,
    0x00,
    0x00,
    0x00,
    0x00,
    0x00,
    0x00,
    0x00,
    0x00,
    0x00,
    0x00,
    0x00,
    0x00,
    0x00,
    0x00,
    0x00,
    0x00,
    0x00,
    0x00,
    0x00,
    0x00,
    0x00,
    0x00,
    0x00,
    0x00,
    0x00,
    0x00,
    0x00,
    0x00,
    0x00,
    0x00,
    0x00,
    0x00,
    0x00,
    0x00,
    0x00,
    0x00,
    0x00,
    0x00,
    0x00,
    0x00,
    0x00,
    0x00,
    0x00,
    0x00,
    0x00,
    0x00,
    0x00,
    0x00,
    0x00,
    0x00,
    0x00,
    0x00,
    0x00,
    0x00,
    0x00,
    0x00,
    0x00,
    0x00,
    0x00,
    0x00,
    0x00,
    0x00,
    0x00,
    0x00,
    0x00,
    0x00,
    0x00,
    0x00,
    0x00,
    0x00,
    0x00,
    0x00,
    0x00,
    0x00,
    0x00,
    0x00,
    0x00,
    0x00,
    0x00,
    0x00,
    0x00,
    0x00,
    0x00,
    0x00,
    0x00,
    0x00,
    0x00,
    0x00,
    0x00,
    0x00,
    0x00,
    0x00,
    0xfe,
    0x93,
    0x87,
    0x7e,
    0x63,
    0x4c,
    0x23,
    0x0f,
    0x11,
    0x4c,
    0x84,
    0xe6,
    0xc2,
    0x8b,
    0x83,
    0x83,
    0x8b,
    0x8f,
    0xbd,
    0xf7,
    0x00,
    0x00,
    0x00,
    0x00,
    0x00,
    0x00,
    0x00,
    0x00,
    0x00,
    0x00,
    0x00,
    0x00,
    0x00,
    0x00,
    0x00,
    0x00,
    0x00,
    0x00,
    0x00,
    0x00,
    0x00,
    0x00,
    0x00,
    0x00,
    0x00,
    0x00,
    0x00,
    0x00,
    0x00,
    0x00,
    0x00,
    0x00,
    0x00,
    0x00,
    0x00,
    0x00,
    0x00,
    0x00,
    0x00,
    0x00,
    0x00,
    0x00,
    0xee,
    0x81,
    0x67,
    0x67,
    0xb6,
    0xfd,
    0x00,
    0x00,
    0x00,
    0x00,
    0x00,
    0x00,
    0x00,
    0x00,
    0x00,
    0x00,
    0x00,
    0x00,
    0x00,
    0x00,
    0x00,
    0x00,
    0x00,
    0x00,
    0x00,
    0x00,
    0x00,
    0x00,
    0x00,
    0x00,
    0x00,
    0x00,
    0x00,
    0xfe,
    0xee,
    0xe0,
    0xee,
    0xfb,
    0x00,
    0xff,
    0xfe,
    0xfe,
    0x00,
    0x00,
    0x00,
    0x00,
    0x00,
    0x00,
    0x00,
    0x00,
    0x00,
    0x00,
    0x00,
    0x00,
    0x00,
    0x00,
    0x00,
    0x00,
    0x00,
    0x00,
    0x00,
    0x00,
    0x00,
    0xfd,
    0xb4,
    0x63,
    0x4c,
    0x44,
    0x97,
    0xf8,
    0xda,
    0xb0,
    0xb4,
    0xce,
    0xf8,
    0x00,
    0x00,
    0x00,
    0x00,
    0x00,
    0x00,
    0x00,
    0x00,
    0x00,
    0x00,
    0x00,
    0x00,
    0x00,
    0x00,
    0x00,
    0x00,
    0x00,
    0x00,
    0x00,
    0x00,
    0x00,
    0x00,
    0x00,
    0x00,
    0x00,
    0x00,
    0x00,
    0x00,
    0x00,
    0x00,
    0x00,
    0x00,
    0x00,
    0x00,
    0x00,
    0x00,
    0x00,
    0x00,
    0x00,
    0x00,
    0x00,
    0x00,
    0x00,
    0x00,
    0x00,
    0x00,
    0x00,
    0x00,
    0x00,
    0x00,
    0x00,
    0x00,
    0x00,
    0x00,
    0x00,
    0x00,
    0x00,
    0x00,
    0x00,
    0x00,
    0x00,
    0x00,
    0x00,
    0x00,
    0x00,
    0x00,
    0x00,
    0x00,
    0x00,
    0x00,
    0x00,
    0x00,
    0x00,
    0x00,
    0x00,
    0x00,
    0x00,
    0x00,
    0x00,
    0x00,
    0x00,
    0x00,
    0x00,
    0x00,
    0x00,
    0x00,
    0x00,
    0x00,
    0x00,
    0x00,
    0x00,
    0x00,
    0x00,
    0x00,
    0x00,
    0x00,
    0x00,
    0x00,
    0x00,
    0x00,
    0x00,
    0x00,
    0x00,
    0x00,
    0x00,
    0x00,
    0x00,
    0x00,
    0x00,
    0x00,
    0x00,
    0x00,
    0x00,
    0x00,
    0x00,
    0x00,
    0x00,
    0x00,
    0x00,
    0x00,
    0x00,
    0x00,
    0x00,
    0x00,
    0x00,
    0x00,
    0x00,
    0x00,
    0x00,
    0x00,
    0x00,
    0x00,
    0x00,
    0x00,
    0x00,
    0x00,
    0x00,
    0x00,
    0x00,
    0x00,
    0x00,
    0x00,
    0x00,
    0x00,
    0x00,
    0x00,
    0x00,
    0x00,
    0x00,
    0x00,
    0x00,
    0x00,
    0x00,
    0x00,
    0x00,
    0x00,
    0x00,
    0x00,
    0x00,
    0x00,
    0x00,
    0x00,
    0x00,
    0xf8,
    0x8b,
    0x8f,
    0x87,
    0x78,
    0x57,
    0x3e,
    0x21,
    0x1b,
    0x44,
    0x79,
    0x97,
    0x84,
    0x84,
    0x83,
    0x84,
    0x87,
    0x87,
    0x75,
    0x7f,
    0xe5,
    0x00,
    0x00,
    0x00,
    0x00,
    0x00,
    0x00,
    0x00,
    0x00,
    0x00,
    0x00,
    0x00,
    0x00,
    0x00,
    0x00,
    0x00,
    0x00,
    0x00,
    0x00,
    0x00,
    0x00,
    0x00,
    0x00,
    0x00,
    0x00,
    0x00,
    0x00,
    0x00,
    0x00,
    0x00,
    0x00,
    0x00,
    0x00,
    0x00,
    0x00,
    0x00,
    0x00,
    0x00,
    0x00,
    0x00,
    0x00,
    0xfd,
    0x9c,
    0x7e,
    0x50,
    0x18,
    0x2c,
    0x8a,
    0xfd,
    0xe1,
    0xe9,
    0xfe,
    0x00,
    0x00,
    0x00,
    0x00,
    0x00,
    0x00,
    0x00,
    0x00,
    0x00,
    0x00,
    0x00,
    0x00,
    0x00,
    0x00,
    0x00,
    0x00,
    0x00,
    0x00,
    0x00,
    0x00,
    0x00,
    0x00,
    0xfd,
    0xb4,
    0x63,
    0x4c,
    0x44,
    0x90,
    0xfb,
    0xd2,
    0xb0,
    0xb0,
    0xd2,
    0xf8,
    0x00,
    0x00,
    0x00,
    0x00,
    0x00,
    0x00,
    0x00,
    0x00,
    0x00,
    0x00,
    0x00,
    0x00,
    0x00,
    0x00,
    0x00,
    0x00,
    0x00,
    0x00,
    0x00,
    0xdf,
    0x87,
    0x63,
    0x30,
    0x12,
    0x50,
    0x9a,
    0x84,
    0x84,
    0x87,
    0x47,
    0x1f,
    0xde,
    0x00,
    0x00,
    0x00,
    0x00,
    0x00,
    0x00,
    0x00,
    0x00,
    0x00,
    0x00,
    0x00,
    0x00,
    0x00,
    0x00,
    0x00,
    0x00,
    0x00,
    0x00,
    0x00,
    0x00,
    0x00,
    0x00,
    0x00,
    0x00,
    0x00,
    0x00,
    0x00,
    0x00,
    0x00,
    0x00,
    0x00,
    0x00,
    0x00,
    0x00,
    0x00,
    0x00,
    0x00,
    0x00,
    0x00,
    0x00,
    0x00,
    0x00,
    0x00,
    0x00,
    0x00,
    0x00,
    0x00,
    0x00,
    0x00,
    0x00,
    0x00,
    0x00,
    0x00,
    0x00,
    0x00,
    0x00,
    0x00,
    0x00,
    0x00,
    0x00,
    0x00,
    0x00,
    0x00,
    0x00,
    0x00,
    0x00,
    0x00,
    0x00,
    0x00,
    0x00,
    0x00,
    0x00,
    0x00,
    0x00,
    0x00,
    0x00,
    0x00,
    0x00,
    0x00,
    0x00,
    0x00,
    0x00,
    0x00,
    0x00,
    0x00,
    0x00,
    0x00,
    0x00,
    0x00,
    0x00,
    0x00,
    0x00,
    0x00,
    0x00,
    0x00,
    0x00,
    0x00,
    0x00,
    0x00,
    0x00,
    0x00,
    0x00,
    0x00,
    0x00,
    0x00,
    0x00,
    0x00,
    0x00,
    0x00,
    0x00,
    0x00,
    0x00,
    0x00,
    0x00,
    0x00,
    0x00,
    0x00,
    0x00,
    0x00,
    0x00,
    0x00,
    0x00,
    0x00,
    0x00,
    0x00,
    0x00,
    0x00,
    0x00,
    0x00,
    0x00,
    0x00,
    0x00,
    0x00,
    0x00,
    0x00,
    0x00,
    0x00,
    0x00,
    0x00,
    0x00,
    0x00,
    0x00,
    0x00,
    0x00,
    0x00,
    0x00,
    0x00,
    0x00,
    0x00,
    0x00,
    0x00,
    0x00,
    0x00,
    0x00,
    0x00,
    0x00,
    0x00,
    0x00,
    0x00,
    0x00,
    0x00,
    0x00,
    0xf7,
    0x8b,
    0x8b,
    0x8b,
    0x7e,
    0x72,
    0x57,
    0x50,
    0x57,
    0x68,
    0x7e,
    0x8b,
    0x8b,
    0x8b,
    0x84,
    0x84,
    0x8b,
    0x78,
    0x44,
    0x15,
    0x20,
    0xf6,
    0x00,
    0x00,
    0x00,
    0x00,
    0x00,
    0x00,
    0x00,
    0x00,
    0x00,
    0x00,
    0x00,
    0x00,
    0x00,
    0x00,
    0x00,
    0x00,
    0x00,
    0x00,
    0x00,
    0x00,
    0x00,
    0x00,
    0x00,
    0x00,
    0x00,
    0x00,
    0x00,
    0x00,
    0x00,
    0x00,
    0x00,
    0x00,
    0x00,
    0x00,
    0x00,
    0x00,
    0x00,
    0x00,
    0x00,
    0xfa,
    0x8f,
    0x87,
    0x72,
    0x44,
    0x37,
    0x79,
    0x9a,
    0x83,
    0x84,
    0x8a,
    0xd1,
    0xfe,
    0x00,
    0x00,
    0x00,
    0x00,
    0x00,
    0x00,
    0x00,
    0x00,
    0x00,
    0x00,
    0x00,
    0x00,
    0x00,
    0x00,
    0x00,
    0x00,
    0x00,
    0x00,
    0x00,
    0x00,
    0xdf,
    0x87,
    0x63,
    0x34,
    0x12,
    0x50,
    0x97,
    0x84,
    0x84,
    0x87,
    0x44,
    0x1f,
    0xde,
    0x00,
    0x00,
    0x00,
    0x00,
    0x00,
    0x00,
    0x00,
    0x00,
    0x00,
    0x00,
    0x00,
    0x00,
    0x00,
    0x00,
    0x00,
    0x00,
    0x00,
    0x00,
    0xdc,
    0x8b,
    0x7e,
    0x63,
    0x5a,
    0x78,
    0x87,
    0x8f,
    0x8b,
    0x8b,
    0x46,
    0x0b,
    0x8c,
    0x00,
    0x00,
    0x00,
    0x00,
    0x00,
    0x00,
    0x00,
    0x00,
    0x00,
    0x00,
    0x00,
    0x00,
    0x00,
    0x00,
    0x00,
    0x00,
    0x00,
    0x00,
    0x00,
    0x00,
    0x00,
    0x00,
    0x00,
    0x00,
    0x00,
    0x00,
    0x00,
    0x00,
    0x00,
    0x00,
    0x00,
    0x00,
    0x00,
    0x00,
    0x00,
    0x00,
    0x00,
    0x00,
    0x00,
    0x00,
    0x00,
    0x00,
    0x00,
    0x00,
    0x00,
    0x00,
    0x00,
    0x00,
    0x00,
    0x00,
    0x00,
    0x00,
    0x00,
    0x00,
    0x00,
    0x00,
    0x00,
    0x00,
    0x00,
    0x00,
    0x00,
    0x00,
    0x00,
    0x00,
    0x00,
    0x00,
    0x00,
    0x00,
    0x00,
    0x00,
    0x00,
    0x00,
    0x00,
    0x00,
    0x00,
    0x00,
    0x00,
    0x00,
    0x00,
    0x00,
    0x00,
    0x00,
    0x00,
    0x00,
    0x00,
    0x00,
    0x00,
    0x00,
    0x00,
    0x00,
    0x00,
    0x00,
    0x00,
    0x00,
    0x00,
    0x00,
    0x00,
    0x00,
    0x00,
    0x00,
    0x00,
    0x00,
    0x00,
    0x00,
    0x00,
    0x00,
    0x00,
    0x00,
    0x00,
    0x00,
    0x00,
    0x00,
    0x00,
    0x00,
    0x00,
    0x00,
    0x00,
    0x00,
    0x00,
    0x00,
    0x00,
    0x00,
    0xfe,
    0xf2,
    0xed,
    0xfe,
    0xfd,
    0xee,
    0xf2,
    0xfe,
    0x00,
    0x00,
    0x00,
    0x00,
    0x00,
    0x00,
    0x00,
    0x00,
    0x00,
    0x00,
    0x00,
    0x00,
    0xf4,
    0xe1,
    0xe0,
    0xf8,
    0x00,
    0x00,
    0x00,
    0x00,
    0x00,
    0x00,
    0x00,
    0x00,
    0x00,
    0x00,
    0x00,
    0x00,
    0x00,
    0x00,
    0x00,
    0x00,
    0xf7,
    0x8f,
    0x8b,
    0x84,
    0x8b,
    0x87,
    0x7e,
    0x7e,
    0x7e,
    0x87,
    0x87,
    0x8f,
    0x8b,
    0x8f,
    0x8b,
    0x8b,
    0x87,
    0x7e,
    0x37,
    0x04,
    0x06,
    0xb5,
    0x00,
    0x00,
    0x00,
    0x00,
    0x00,
    0x00,
    0x00,
    0x00,
    0x00,
    0x00,
    0x00,
    0x00,
    0x00,
    0x00,
    0x00,
    0x00,
    0x00,
    0x00,
    0x00,
    0x00,
    0x00,
    0x00,
    0x00,
    0x00,
    0x00,
    0x00,
    0x00,
    0x00,
    0x00,
    0x00,
    0x00,
    0x00,
    0x00,
    0x00,
    0x00,
    0x00,
    0x00,
    0x00,
    0x00,
    0xf7,
    0x8f,
    0x84,
    0x87,
    0x78,
    0x7e,
    0x87,
    0x87,
    0x87,
    0x8b,
    0x68,
    0x28,
    0xa9,
    0x00,
    0x00,
    0x00,
    0x00,
    0x00,
    0x00,
    0x00,
    0x00,
    0x00,
    0x00,
    0x00,
    0x00,
    0x00,
    0x00,
    0x00,
    0x00,
    0x00,
    0x00,
    0x00,
    0x00,
    0xdc,
    0x8b,
    0x7e,
    0x63,
    0x5a,
    0x78,
    0x8b,
    0x8b,
    0x8b,
    0x8b,
    0x4b,
    0x0b,
    0x8c,
    0x00,
    0x00,
    0x00,
    0x00,
    0x00,
    0x00,
    0x00,
    0x00,
    0x00,
    0x00,
    0x00,
    0x00,
    0x00,
    0x00,
    0x00,
    0x00,
    0x00,
    0x00,
    0xe9,
    0x8b,
    0x84,
    0x87,
    0x87,
    0x84,
    0x8b,
    0x8b,
    0x93,
    0x93,
    0x68,
    0x2f,
    0xcc,
    0x00,
    0x00,
    0x00,
    0x00,
    0x00,
    0x00,
    0x00,
    0x00,
    0x00,
    0x00,
    0x00,
    0x00,
    0x00,
    0x00,
    0x00,
    0x00,
    0x00,
    0x00,
    0x00,
    0x00,
    0x00,
    0x00,
    0x00,
    0x00,
    0x00,
    0x00,
    0x00,
    0x00,
    0x00,
    0x00,
    0x00,
    0x00,
    0x00,
    0x00,
    0x00,
    0x00,
    0x00,
    0x00,
    0x00,
    0x00,
    0x00,
    0x00,
    0x00,
    0x00,
    0x00,
    0x00,
    0x00,
    0x00,
    0x00,
    0x00,
    0x00,
    0x00,
    0x00,
    0x00,
    0x00,
    0x00,
    0x00,
    0x00,
    0x00,
    0x00,
    0x00,
    0x00,
    0x00,
    0x00,
    0x00,
    0x00,
    0x00,
    0x00,
    0x00,
    0x00,
    0x00,
    0x00,
    0x00,
    0x00,
    0x00,
    0x00,
    0x00,
    0x00,
    0x00,
    0x00,
    0x00,
    0x00,
    0x00,
    0x00,
    0x00,
    0x00,
    0x00,
    0x00,
    0x00,
    0x00,
    0x00,
    0x00,
    0x00,
    0xff,
    0xfd,
    0xfd,
    0xff,
    0x00,
    0x00,
    0xfa,
    0xf7,
    0xfb,
    0x00,
    0x00,
    0x00,
    0x00,
    0x00,
    0x00,
    0x00,
    0x00,
    0x00,
    0x00,
    0x00,
    0x00,
    0x00,
    0x00,
    0x00,
    0x00,
    0x00,
    0x00,
    0x00,
    0xfe,
    0xbb,
    0x58,
    0x2b,
    0x9f,
    0xb4,
    0x8f,
    0x73,
    0x36,
    0xf9,
    0x00,
    0x00,
    0x00,
    0x00,
    0x00,
    0xff,
    0xf4,
    0xe9,
    0xf2,
    0xff,
    0xd0,
    0x93,
    0x87,
    0x5c,
    0x1a,
    0xc7,
    0x00,
    0x00,
    0x00,
    0x00,
    0x00,
    0x00,
    0x00,
    0x00,
    0x00,
    0x00,
    0x00,
    0x00,
    0x00,
    0x00,
    0x00,
    0xfb,
    0x8f,
    0x84,
    0x84,
    0x84,
    0x8b,
    0x87,
    0x8b,
    0x8b,
    0x84,
    0x8b,
    0x8b,
    0x8f,
    0x8f,
    0x8f,
    0x8f,
    0x8f,
    0x87,
    0x54,
    0x0b,
    0x0b,
    0x9d,
    0x00,
    0x00,
    0x00,
    0x00,
    0x00,
    0x00,
    0x00,
    0x00,
    0x00,
    0x00,
    0x00,
    0x00,
    0x00,
    0x00,
    0x00,
    0x00,
    0x00,
    0x00,
    0x00,
    0x00,
    0x00,
    0x00,
    0x00,
    0x00,
    0x00,
    0x00,
    0x00,
    0x00,
    0x00,
    0x00,
    0x00,
    0x00,
    0x00,
    0x00,
    0x00,
    0x00,
    0x00,
    0x00,
    0x00,
    0xfb,
    0x93,
    0x84,
    0x83,
    0x84,
    0x83,
    0x84,
    0x8f,
    0x8f,
    0x8f,
    0x68,
    0x0b,
    0x51,
    0x00,
    0x00,
    0x00,
    0x00,
    0x00,
    0x00,
    0x00,
    0x00,
    0x00,
    0x00,
    0x00,
    0x00,
    0x00,
    0x00,
    0x00,
    0x00,
    0x00,
    0x00,
    0x00,
    0x00,
    0xe9,
    0x8b,
    0x84,
    0x87,
    0x87,
    0x8b,
    0x84,
    0x8f,
    0x93,
    0x93,
    0x68,
    0x2f,
    0xcc,
    0x00,
    0x00,
    0x00,
    0x00,
    0x00,
    0x00,
    0x00,
    0x00,
    0x00,
    0x00,
    0x00,
    0x00,
    0x00,
    0x00,
    0x00,
    0x00,
    0x00,
    0x00,
    0xf7,
    0x92,
    0x83,
    0x83,
    0x83,
    0x83,
    0x83,
    0x8b,
    0x8f,
    0x93,
    0x82,
    0x81,
    0xf2,
    0x00,
    0x00,
    0x00,
    0x00,
    0x00,
    0x00,
    0x00,
    0x00,
    0x00,
    0x00,
    0x00,
    0x00,
    0x00,
    0x00,
    0x00,
    0x00,
    0x00,
    0x00,
    0x00,
    0x00,
    0x00,
    0x00,
    0x00,
    0x00,
    0x00,
    0x00,
    0x00,
    0x00,
    0x00,
    0x00,
    0x00,
    0x00,
    0x00,
    0x00,
    0x00,
    0x00,
    0x00,
    0x00,
    0x00,
    0x00,
    0x00,
    0x00,
    0x00,
    0x00,
    0x00,
    0x00,
    0x00,
    0x00,
    0x00,
    0x00,
    0x00,
    0x00,
    0x00,
    0x00,
    0x00,
    0x00,
    0x00,
    0x00,
    0x00,
    0x00,
    0x00,
    0x00,
    0x00,
    0x00,
    0x00,
    0x00,
    0x00,
    0x00,
    0x00,
    0x00,
    0x00,
    0x00,
    0x00,
    0x00,
    0x00,
    0x00,
    0x00,
    0x00,
    0x00,
    0x00,
    0x00,
    0x00,
    0x00,
    0x00,
    0x00,
    0x00,
    0x00,
    0x00,
    0x00,
    0x00,
    0x00,
    0x00,
    0xe0,
    0x7f,
    0x5a,
    0x57,
    0x9e,
    0xfa,
    0xbd,
    0x84,
    0x87,
    0x78,
    0x6a,
    0xf9,
    0x00,
    0x00,
    0x00,
    0x00,
    0x00,
    0x00,
    0x00,
    0x00,
    0x00,
    0x00,
    0x00,
    0x00,
    0x00,
    0x00,
    0x00,
    0x00,
    0x00,
    0xf4,
    0x93,
    0x68,
    0x4c,
    0x78,
    0x8b,
    0x87,
    0x7e,
    0x17,
    0xea,
    0x00,
    0x00,
    0x00,
    0x00,
    0xf7,
    0x96,
    0x57,
    0x3e,
    0x67,
    0xb4,
    0x84,
    0x84,
    0x87,
    0x63,
    0x0f,
    0x42,
    0xfe,
    0x00,
    0x00,
    0x00,
    0x00,
    0x00,
    0x00,
    0x00,
    0x00,
    0x00,
    0x00,
    0x00,
    0x00,
    0x00,
    0x00,
    0xff,
    0x9a,
    0x8f,
    0x83,
    0x83,
    0x83,
    0x84,
    0x84,
    0x84,
    0x84,
    0x84,
    0x84,
    0x8b,
    0x8f,
    0x93,
    0x93,
    0x93,
    0x87,
    0x5a,
    0x11,
    0x2b,
    0xcb,
    0x00,
    0x00,
    0x00,
    0x00,
    0x00,
    0x00,
    0x00,
    0x00,
    0x00,
    0x00,
    0x00,
    0x00,
    0x00,
    0x00,
    0x00,
    0x00,
    0x00,
    0x00,
    0x00,
    0x00,
    0x00,
    0x00,
    0x00,
    0x00,
    0x00,
    0x00,
    0x00,
    0x00,
    0x00,
    0x00,
    0x00,
    0x00,
    0x00,
    0x00,
    0x00,
    0x00,
    0x00,
    0x00,
    0x00,
    0xfe,
    0xb7,
    0x8f,
    0x84,
    0x83,
    0x83,
    0x83,
    0x84,
    0x93,
    0x93,
    0x68,
    0x29,
    0xb3,
    0x00,
    0x00,
    0x00,
    0x00,
    0x00,
    0x00,
    0x00,
    0x00,
    0x00,
    0x00,
    0x00,
    0x00,
    0x00,
    0x00,
    0x00,
    0x00,
    0x00,
    0x00,
    0x00,
    0x00,
    0xf7,
    0x93,
    0x84,
    0x83,
    0x83,
    0x83,
    0x83,
    0x84,
    0x8f,
    0x93,
    0x82,
    0x81,
    0xf2,
    0x00,
    0x00,
    0x00,
    0x00,
    0x00,
    0x00,
    0x00,
    0x00,
    0x00,
    0x00,
    0x00,
    0x00,
    0x00,
    0x00,
    0x00,
    0x00,
    0x00,
    0x00,
    0xff,
    0xbd,
    0x92,
    0x8b,
    0x8b,
    0x8f,
    0x8f,
    0x92,
    0x93,
    0x98,
    0x9b,
    0xc6,
    0xfe,
    0x00,
    0x00,
    0x00,
    0x00,
    0x00,
    0x00,
    0x00,
    0x00,
    0x00,
    0x00,
    0x00,
    0x00,
    0x00,
    0x00,
    0x00,
    0x00,
    0x00,
    0x00,
    0x00,
    0x00,
    0x00,
    0x00,
    0x00,
    0x00,
    0xf4,
    0xd4,
    0xaa,
    0x9e,
    0xad,
    0xe2,
    0x00,
    0x00,
    0x00,
    0x00,
    0x00,
    0x00,
    0x00,
    0x00,
    0x00,
    0x00,
    0xff,
    0x00,
    0x00,
    0x00,
    0x00,
    0x00,
    0x00,
    0x00,
    0x00,
    0x00,
    0x00,
    0x00,
    0x00,
    0x00,
    0x00,
    0x00,
    0x00,
    0xff,
    0xff,
    0xfe,
    0x00,
    0x00,
    0x00,
    0x00,
    0x00,
    0x00,
    0x00,
    0x00,
    0x00,
    0x00,
    0x00,
    0x00,
    0x00,
    0x00,
    0x00,
    0x00,
    0x00,
    0x00,
    0x00,
    0x00,
    0x00,
    0x00,
    0x00,
    0x00,
    0x00,
    0x00,
    0x00,
    0x00,
    0x00,
    0x00,
    0x00,
    0xee,
    0x7e,
    0x5e,
    0x2a,
    0x12,
    0x46,
    0x8f,
    0x87,
    0x83,
    0x8b,
    0x57,
    0x08,
    0x61,
    0x00,
    0x00,
    0x00,
    0x00,
    0x00,
    0x00,
    0x00,
    0x00,
    0x00,
    0x00,
    0x00,
    0x00,
    0x00,
    0x00,
    0x00,
    0x00,
    0x00,
    0xfb,
    0xa3,
    0x84,
    0x8b,
    0x83,
    0x8b,
    0x92,
    0x93,
    0x81,
    0xfa,
    0x00,
    0x00,
    0x00,
    0x00,
    0x9e,
    0x63,
    0x37,
    0x18,
    0x3d,
    0x7e,
    0x87,
    0x8f,
    0x8f,
    0x8f,
    0x46,
    0x69,
    0xfd,
    0x00,
    0x00,
    0x00,
    0x00,
    0x00,
    0x00,
    0x00,
    0x00,
    0x00,
    0x00,
    0x00,
    0x00,
    0x00,
    0x00,
    0x00,
    0xbd,
    0x92,
    0x8b,
    0x84,
    0x83,
    0x83,
    0x83,
    0x83,
    0x83,
    0x83,
    0x83,
    0x84,
    0x8f,
    0x92,
    0x9a,
    0x8f,
    0x8f,
    0x57,
    0x3b,
    0x7a,
    0xf2,
    0x00,
    0x00,
    0x00,
    0x00,
    0x00,
    0x00,
    0x00,
    0x00,
    0x00,
    0x00,
    0x00,
    0x00,
    0x00,
    0x00,
    0x00,
    0x00,
    0x00,
    0x00,
    0x00,
    0x00,
    0x00,
    0x00,
    0x00,
    0x00,
    0x00,
    0x00,
    0x00,
    0xfd,
    0xff,
    0x00,
    0x00,
    0x00,
    0x00,
    0x00,
    0x00,
    0x00,
    0x00,
    0x00,
    0x00,
    0x00,
    0xdf,
    0x9a,
    0x93,
    0x8f,
    0x93,
    0x93,
    0x8f,
    0x92,
    0x93,
    0x82,
    0x96,
    0xfa,
    0x00,
    0x00,
    0x00,
    0x00,
    0x00,
    0x00,
    0x00,
    0x00,
    0x00,
    0x00,
    0x00,
    0x00,
    0x00,
    0x00,
    0x00,
    0x00,
    0x00,
    0x00,
    0x00,
    0x00,
    0xff,
    0xbd,
    0x92,
    0x8b,
    0x87,
    0x8f,
    0x8f,
    0x92,
    0x93,
    0x98,
    0x9a,
    0xc6,
    0xfe,
    0x00,
    0x00,
    0x00,
    0x00,
    0x00,
    0x00,
    0x00,
    0x00,
    0x00,
    0x00,
    0x00,
    0x00,
    0x00,
    0x00,
    0x00,
    0x00,
    0x00,
    0x00,
    0x00,
    0xfb,
    0xaa,
    0x9a,
    0x8f,
    0x93,
    0x9a,
    0x9c,
    0xa4,
    0xa4,
    0xb7,
    0xfa,
    0x00,
    0x00,
    0x00,
    0x00,
    0x00,
    0x00,
    0x00,
    0x00,
    0x00,
    0x00,
    0x00,
    0x00,
    0x00,
    0x00,
    0x00,
    0x00,
    0x00,
    0x00,
    0x00,
    0x00,
    0x00,
    0x00,
    0x00,
    0xfe,
    0xb0,
    0x8b,
    0x8b,
    0x7e,
    0x50,
    0x0b,
    0x0d,
    0xb9,
    0x00,
    0x00,
    0x00,
    0x00,
    0x00,
    0x00,
    0x00,
    0xfe,
    0xa7,
    0x54,
    0x64,
    0xe0,
    0xfa,
    0xdf,
    0xfa,
    0x00,
    0x00,
    0x00,
    0x00,
    0x00,
    0x00,
    0x00,
    0x00,
    0x00,
    0xfd,
    0xd2,
    0x94,
    0x89,
    0x85,
    0xa2,
    0xdc,
    0xfe,
    0x00,
    0x00,
    0x00,
    0xff,
    0xff,
    0x00,
    0x00,
    0x00,
    0x00,
    0x00,
    0x00,
    0x00,
    0x00,
    0x00,
    0x00,
    0x00,
    0x00,
    0x00,
    0x00,
    0x00,
    0x00,
    0x00,
    0x00,
    0x00,
    0x00,
    0x00,
    0x00,
    0x00,
    0xdf,
    0x8f,
    0x7e,
    0x5a,
    0x50,
    0x72,
    0x87,
    0x8b,
    0x8f,
    0x8f,
    0x7e,
    0x1c,
    0x62,
    0x00,
    0x00,
    0x00,
    0x00,
    0x00,
    0x00,
    0x00,
    0x00,
    0x00,
    0x00,
    0x00,
    0x00,
    0x00,
    0x00,
    0x00,
    0x00,
    0x00,
    0x00,
    0xda,
    0x8f,
    0x84,
    0x8f,
    0x8f,
    0x98,
    0x9b,
    0xcd,
    0xff,
    0x00,
    0x00,
    0x00,
    0xff,
    0x93,
    0x7e,
    0x72,
    0x63,
    0x79,
    0x87,
    0x8b,
    0x8f,
    0x93,
    0x93,
    0x82,
    0x9e,
    0xfd,
    0x00,
    0x00,
    0x00,
    0x00,
    0x00,
    0x00,
    0x00,
    0x00,
    0x00,
    0x00,
    0x00,
    0x00,
    0x00,
    0x00,
    0x00,
    0xed,
    0x98,
    0x92,
    0x8f,
    0x84,
    0x83,
    0x83,
    0x83,
    0x87,
    0x84,
    0x84,
    0x84,
    0x8b,
    0x92,
    0x93,
    0x98,
    0x8f,
    0x7a,
    0x7a,
    0xaa,
    0xfe,
    0x00,
    0x00,
    0x00,
    0x00,
    0x00,
    0x00,
    0x00,
    0x00,
    0x00,
    0x00,
    0x00,
    0x00,
    0x00,
    0x00,
    0x00,
    0x00,
    0x00,
    0x00,
    0x00,
    0x00,
    0x00,
    0x00,
    0xff,
    0xf4,
    0xf7,
    0xfa,
    0xbd,
    0x9e,
    0x43,
    0xd5,
    0x00,
    0x00,
    0x00,
    0x00,
    0x00,
    0x00,
    0x00,
    0x00,
    0x00,
    0x00,
    0xfd,
    0xb0,
    0x9a,
    0x8f,
    0x93,
    0x9c,
    0xa0,
    0x9a,
    0xa0,
    0xac,
    0xe9,
    0x00,
    0x00,
    0x00,
    0x00,
    0x00,
    0x00,
    0x00,
    0x00,
    0x00,
    0x00,
    0x00,
    0x00,
    0x00,
    0x00,
    0x00,
    0x00,
    0x00,
    0x00,
    0x00,
    0x00,
    0x00,
    0x00,
    0xfb,
    0xaa,
    0x9a,
    0x8f,
    0x93,
    0x9a,
    0x9c,
    0xa4,
    0xa4,
    0xb7,
    0xfa,
    0x00,
    0x00,
    0x00,
    0x00,
    0x00,
    0x00,
    0x00,
    0x00,
    0x00,
    0x00,
    0x00,
    0x00,
    0x00,
    0x00,
    0x00,
    0x00,
    0x00,
    0x00,
    0x00,
    0x00,
    0x00,
    0xe9,
    0xaa,
    0x93,
    0x92,
    0x98,
    0xac,
    0xb2,
    0xba,
    0xf7,
    0x00,
    0x00,
    0x00,
    0x00,
    0x00,
    0x00,
    0x00,
    0x00,
    0x00,
    0x00,
    0x00,
    0x00,
    0x00,
    0x00,
    0x00,
    0x00,
    0x00,
    0x00,
    0x00,
    0x00,
    0xf7,
    0xf2,
    0xfb,
    0x00,
    0xc5,
    0x84,
    0x83,
    0x84,
    0x87,
    0x5a,
    0x11,
    0x04,
    0x4a,
    0xfb,
    0x00,
    0x00,
    0x00,
    0x00,
    0x00,
    0x00,
    0xee,
    0x87,
    0x4c,
    0x29,
    0x6e,
    0x8f,
    0x87,
    0x5c,
    0x7b,
    0x00,
    0x00,
    0x00,
    0x00,
    0x00,
    0x00,
    0x00,
    0xff,
    0xb0,
    0x79,
    0x5e,
    0x46,
    0x35,
    0x44,
    0x75,
    0xb4,
    0xff,
    0xee,
    0xb0,
    0xa3,
    0xb0,
    0xc8,
    0xf4,
    0x00,
    0x00,
    0x00,
    0x00,
    0x00,
    0x00,
    0x00,
    0x00,
    0x00,
    0x00,
    0x00,
    0x00,
    0x00,
    0x00,
    0x00,
    0x00,
    0x00,
    0x00,
    0x00,
    0x00,
    0x00,
    0xed,
    0x8b,
    0x87,
    0x87,
    0x87,
    0x8b,
    0x84,
    0x8b,
    0x92,
    0x93,
    0x8f,
    0x5c,
    0xb6,
    0x00,
    0x00,
    0x00,
    0x00,
    0x00,
    0x00,
    0x00,
    0x00,
    0x00,
    0x00,
    0x00,
    0x00,
    0x00,
    0x00,
    0x00,
    0x00,
    0x00,
    0x00,
    0xfd,
    0xbc,
    0x93,
    0x93,
    0x9a,
    0xac,
    0xbe,
    0xfa,
    0x00,
    0x00,
    0x00,
    0x00,
    0x00,
    0xb0,
    0x8b,
    0x87,
    0x8b,
    0x87,
    0x83,
    0x83,
    0x84,
    0x92,
    0x93,
    0x9b,
    0xc3,
    0xff,
    0x00,
    0x00,
    0x00,
    0x00,
    0x00,
    0x00,
    0x00,
    0x00,
    0x00,
    0x00,
    0x00,
    0x00,
    0x00,
    0x00,
    0x00,
    0xfe,
    0xaa,
    0x9a,
    0x92,
    0x93,
    0x8b,
    0x8f,
    0x8f,
    0x93,
    0x93,
    0x8f,
    0x93,
    0x92,
    0x92,
    0x93,
    0x98,
    0x98,
    0x98,
    0xa0,
    0xdf,
    0x00,
    0x00,
    0x00,
    0x00,
    0x00,
    0x00,
    0x00,
    0x00,
    0x00,
    0x00,
    0x00,
    0x00,
    0x00,
    0x00,
    0x00,
    0x00,
    0x00,
    0x00,
    0x00,
    0x00,
    0x00,
    0x00,
    0xfa,
    0x76,
    0x2e,
    0x4c,
    0x89,
    0x8b,
    0x87,
    0x37,
    0x52,
    0x00,
    0x00,
    0x00,
    0x00,
    0x00,
    0x00,
    0x00,
    0x00,
    0x00,
    0x00,
    0x00,
    0xeb,
    0x9c,
    0x93,
    0x9b,
    0xa4,
    0xac,
    0xac,
    0xaf,
    0xf3,
    0x00,
    0x00,
    0x00,
    0x00,
    0x00,
    0x00,
    0x00,
    0x00,
    0x00,
    0x00,
    0x00,
    0x00,
    0x00,
    0x00,
    0x00,
    0x00,
    0x00,
    0x00,
    0x00,
    0x00,
    0x00,
    0x00,
    0x00,
    0x00,
    0xeb,
    0xaa,
    0x93,
    0x92,
    0x98,
    0xa5,
    0xb2,
    0xba,
    0xf7,
    0x00,
    0x00,
    0x00,
    0x00,
    0x00,
    0x00,
    0x00,
    0x00,
    0x00,
    0xff,
    0xf2,
    0xc0,
    0xb8,
    0xff,
    0x00,
    0x00,
    0x00,
    0x00,
    0x00,
    0x00,
    0x00,
    0x00,
    0x00,
    0xf0,
    0xaf,
    0xa0,
    0xb2,
    0xba,
    0xd8,
    0xfa,
    0x00,
    0x00,
    0x00,
    0x00,
    0x00,
    0x00,
    0x00,
    0x00,
    0x00,
    0x00,
    0x00,
    0x00,
    0x00,
    0x00,
    0x00,
    0x00,
    0x00,
    0x00,
    0xfb,
    0xd2,
    0x89,
    0x6d,
    0x75,
    0x87,
    0xc8,
    0x9c,
    0x84,
    0x84,
    0x8b,
    0x8b,
    0x82,
    0x57,
    0x12,
    0x47,
    0xe0,
    0x00,
    0x00,
    0x00,
    0x00,
    0x00,
    0x00,
    0xee,
    0x8b,
    0x7e,
    0x7e,
    0x87,
    0x8b,
    0x8f,
    0x54,
    0x24,
    0xff,
    0x00,
    0x00,
    0x00,
    0x00,
    0x00,
    0x00,
    0xe1,
    0x8b,
    0x7e,
    0x5e,
    0x44,
    0x18,
    0x0c,
    0x35,
    0x7e,
    0xc5,
    0x87,
    0x84,
    0x83,
    0x8b,
    0x87,
    0x78,
    0xad,
    0xff,
    0x00,
    0x00,
    0x00,
    0x00,
    0x00,
    0x00,
    0x00,
    0x00,
    0x00,
    0x00,
    0x00,
    0x00,
    0x00,
    0x00,
    0x00,
    0x00,
    0x00,
    0x00,
    0x00,
    0xfd,
    0x9c,
    0x84,
    0x83,
    0x83,
    0x83,
    0x83,
    0x83,
    0x8f,
    0x92,
    0x98,
    0x98,
    0xeb,
    0x00,
    0x00,
    0x00,
    0x00,
    0x00,
    0x00,
    0x00,
    0x00,
    0x00,
    0x00,
    0x00,
    0x00,
    0x00,
    0x00,
    0x00,
    0x00,
    0x00,
    0x00,
    0x00,
    0xfb,
    0xc2,
    0x98,
    0xac,
    0xca,
    0xf7,
    0x00,
    0x00,
    0x00,
    0x00,
    0x00,
    0x00,
    0xe1,
    0x8b,
    0x83,
    0x83,
    0x83,
    0x83,
    0x8f,
    0x8f,
    0x9b,
    0x9a,
    0xac,
    0xdf,
    0x00,
    0x00,
    0x00,
    0x00,
    0x00,
    0x00,
    0x00,
    0x00,
    0x00,
    0x00,
    0x00,
    0x00,
    0x00,
    0x00,
    0x00,
    0x00,
    0x00,
    0xed,
    0x9c,
    0x9c,
    0x98,
    0x93,
    0x8f,
    0x93,
    0x9a,
    0x9a,
    0x9c,
    0x9a,
    0x9b,
    0x9a,
    0x9b,
    0xa0,
    0x9a,
    0xa0,
    0xc6,
    0xfe,
    0x00,
    0x00,
    0x00,
    0x00,
    0x00,
    0x00,
    0x00,
    0x00,
    0x00,
    0x00,
    0x00,
    0x00,
    0x00,
    0x00,
    0x00,
    0x00,
    0x00,
    0x00,
    0x00,
    0x00,
    0x00,
    0x00,
    0xda,
    0x78,
    0x54,
    0x68,
    0x84,
    0x8f,
    0x93,
    0x82,
    0xb6,
    0x00,
    0x00,
    0x00,
    0x00,
    0x00,
    0x00,
    0x00,
    0x00,
    0x00,
    0x00,
    0x00,
    0xff,
    0xdd,
    0xac,
    0xb2,
    0xba,
    0xbe,
    0xe7,
    0xfe,
    0x00,
    0x00,
    0x00,
    0x00,
    0x00,
    0x00,
    0x00,
    0x00,
    0x00,
    0x00,
    0x00,
    0x00,
    0x00,
    0x00,
    0x00,
    0x00,
    0x00,
    0x00,
    0x00,
    0x00,
    0x00,
    0x00,
    0x00,
    0x00,
    0x00,
    0x00,
    0xee,
    0xaf,
    0xa0,
    0xac,
    0xbe,
    0xd8,
    0xfa,
    0x00,
    0x00,
    0x00,
    0x00,
    0x00,
    0x00,
    0x00,
    0x00,
    0x00,
    0xff,
    0xdb,
    0x8b,
    0x50,
    0x14,
    0xef,
    0x00,
    0x00,
    0x00,
    0x00,
    0x00,
    0x00,
    0x00,
    0x00,
    0x00,
    0x00,
    0xf4,
    0xcf,
    0xd3,
    0xf1,
    0xfe,
    0x00,
    0x00,
    0x00,
    0x00,
    0x00,
    0x00,
    0x00,
    0x00,
    0x00,
    0x00,
    0x00,
    0x00,
    0x00,
    0x00,
    0x00,
    0x00,
    0x00,
    0x00,
    0xfb,
    0x96,
    0x67,
    0x46,
    0x21,
    0x22,
    0x57,
    0x7e,
    0x84,
    0x87,
    0x8b,
    0x8f,
    0x8f,
    0x8f,
    0x78,
    0x44,
    0x6e,
    0xce,
    0x00,
    0x00,
    0x00,
    0x00,
    0x00,
    0x00,
    0xfa,
    0x93,
    0x83,
    0x83,
    0x84,
    0x8b,
    0x93,
    0x7a,
    0x86,
    0x00,
    0x00,
    0x00,
    0x00,
    0x00,
    0x00,
    0x00,
    0xd4,
    0x8b,
    0x8f,
    0x78,
    0x57,
    0x3d,
    0x2c,
    0x4c,
    0x79,
    0x87,
    0x8b,
    0x84,
    0x84,
    0x87,
    0x72,
    0x2d,
    0x0c,
    0x7d,
    0x00,
    0x00,
    0x00,
    0x00,
    0x00,
    0x00,
    0x00,
    0x00,
    0x00,
    0x00,
    0x00,
    0x00,
    0x00,
    0x00,
    0x00,
    0x00,
    0x00,
    0x00,
    0x00,
    0x00,
    0xd2,
    0x92,
    0x8b,
    0x83,
    0x8b,
    0x8f,
    0x93,
    0x93,
    0x9a,
    0x9a,
    0xaf,
    0xfd,
    0x00,
    0x00,
    0x00,
    0x00,
    0x00,
    0x00,
    0x00,
    0x00,
    0x00,
    0x00,
    0x00,
    0x00,
    0x00,
    0x00,
    0x00,
    0x00,
    0x00,
    0x00,
    0x00,
    0x00,
    0xff,
    0xeb,
    0xeb,
    0xfe,
    0x00,
    0x00,
    0x00,
    0x00,
    0x00,
    0x00,
    0x00,
    0xfe,
    0xcd,
    0x92,
    0x87,
    0x8b,
    0x92,
    0x93,
    0x9c,
    0xa4,
    0xac,
    0xc3,
    0xfd,
    0x00,
    0x00,
    0x00,
    0x00,
    0x00,
    0x00,
    0x00,
    0x00,
    0x00,
    0x00,
    0x00,
    0x00,
    0x00,
    0x00,
    0x00,
    0x00,
    0x00,
    0xff,
    0xbd,
    0xa3,
    0x9c,
    0x93,
    0x8f,
    0x8f,
    0x93,
    0x98,
    0x9c,
    0xa5,
    0xa4,
    0xa4,
    0xa4,
    0xa4,
    0xa4,
    0xb7,
    0xfa,
    0x00,
    0x00,
    0x00,
    0x00,
    0x00,
    0x00,
    0x00,
    0x00,
    0x00,
    0x00,
    0x00,
    0x00,
    0x00,
    0x00,
    0x00,
    0x00,
    0x00,
    0x00,
    0x00,
    0x00,
    0x00,
    0x00,
    0x00,
    0xe9,
    0x8b,
    0x84,
    0x84,
    0x84,
    0x84,
    0x92,
    0x9b,
    0xda,
    0x00,
    0x00,
    0x00,
    0x00,
    0x00,
    0x00,
    0x00,
    0x00,
    0x00,
    0x00,
    0x00,
    0x00,
    0xff,
    0xe7,
    0xeb,
    0xf7,
    0xff,
    0x00,
    0x00,
    0x00,
    0x00,
    0x00,
    0x00,
    0x00,
    0x00,
    0x00,
    0x00,
    0x00,
    0x00,
    0x00,
    0x00,
    0x00,
    0x00,
    0x00,
    0x00,
    0x00,
    0x00,
    0x00,
    0x00,
    0x00,
    0x00,
    0x00,
    0x00,
    0x00,
    0x00,
    0x00,
    0xf2,
    0xcf,
    0xd3,
    0xf1,
    0xfe,
    0x00,
    0x00,
    0x00,
    0x00,
    0x00,
    0x00,
    0x00,
    0x00,
    0xf4,
    0x88,
    0xab,
    0x93,
    0x8b,
    0x8f,
    0x63,
    0xdb,
    0x00,
    0x00,
    0x00,
    0x00,
    0x00,
    0x00,
    0x00,
    0x00,
    0x00,
    0x00,
    0x00,
    0xff,
    0xff,
    0x00,
    0x00,
    0x00,
    0x00,
    0x00,
    0x00,
    0x00,
    0x00,
    0x00,
    0x00,
    0x00,
    0x00,
    0x00,
    0x00,
    0x00,
    0x00,
    0x00,
    0x00,
    0x00,
    0xff,
    0xb0,
    0x6d,
    0x50,
    0x2e,
    0x15,
    0x16,
    0x4c,
    0x78,
    0x8b,
    0x8f,
    0x8f,
    0x8f,
    0x93,
    0x93,
    0x8f,
    0x7a,
    0x93,
    0xc6,
    0x00,
    0x00,
    0x00,
    0x00,
    0x00,
    0x00,
    0x00,
    0xc5,
    0x93,
    0x8f,
    0x93,
    0x98,
    0x9b,
    0xa3,
    0xf1,
    0x00,
    0x00,
    0x00,
    0x00,
    0x00,
    0x00,
    0x00,
    0xd4,
    0x8b,
    0x84,
    0x87,
    0x78,
    0x68,
    0x72,
    0x7e,
    0x87,
    0x8b,
    0x8b,
    0x8f,
    0x8b,
    0x8b,
    0x7e,
    0x2c,
    0x03,
    0x32,
    0xff,
    0x00,
    0x00,
    0x00,
    0x00,
    0x00,
    0x00,
    0x00,
    0x00,
    0x00,
    0x00,
    0x00,
    0x00,
    0x00,
    0x00,
    0x00,
    0x00,
    0x00,
    0x00,
    0x00,
    0xff,
    0xc1,
    0x93,
    0x93,
    0x93,
    0x93,
    0x9a,
    0xa4,
    0xac,
    0xb2,
    0xed,
    0x00,
    0x00,
    0x00,
    0x00,
    0x00,
    0x00,
    0x00,
    0xff,
    0xfa,
    0xe9,
    0xdf,
    0xee,
    0xfb,
    0xff,
    0x00,
    0x00,
    0x00,
    0x00,
    0x00,
    0x00,
    0x00,
    0x00,
    0x00,
    0x00,
    0x00,
    0x00,
    0x00,
    0x00,
    0x00,
    0x00,
    0x00,
    0x00,
    0x00,
    0xfd,
    0xcd,
    0x9c,
    0x9a,
    0x93,
    0x92,
    0x9b,
    0xb2,
    0xbe,
    0xf7,
    0x00,
    0x00,
    0x00,
    0x00,
    0x00,
    0x00,
    0x00,
    0x00,
    0x00,
    0x00,
    0x00,
    0x00,
    0x00,
    0x00,
    0x00,
    0x00,
    0x00,
    0x00,
    0x00,
    0xfa,
    0xb7,
    0xa3,
    0x9a,
    0x8f,
    0x92,
    0x92,
    0x9b,
    0x9a,
    0xac,
    0xac,
    0xac,
    0xac,
    0xac,
    0xbe,
    0xfa,
    0x00,
    0x00,
    0x00,
    0x00,
    0x00,
    0x00,
    0x00,
    0x00,
    0x00,
    0x00,
    0x00,
    0x00,
    0x00,
    0x00,
    0x00,
    0x00,
    0x00,
    0x00,
    0x00,
    0x00,
    0x00,
    0x00,
    0x00,
    0x00,
    0xfe,
    0xb0,
    0x87,
    0x84,
    0x8f,
    0x98,
    0x9c,
    0xb2,
    0xf7,
    0x00,
    0x00,
    0x00,
    0x00,
    0x00,
    0x00,
    0x00,
    0x00,
    0x00,
    0x00,
    0x00,
    0x00,
    0x00,
    0x00,
    0x00,
    0x00,
    0x00,
    0x00,
    0x00,
    0x00,
    0x00,
    0x00,
    0x00,
    0x00,
    0x00,
    0x00,
    0x00,
    0x00,
    0x00,
    0x00,
    0x00,
    0x00,
    0xff,
    0xf2,
    0xc0,
    0xb8,
    0xff,
    0x00,
    0x00,
    0x00,
    0x00,
    0x00,
    0x00,
    0x00,
    0x00,
    0x00,
    0x00,
    0xff,
    0xff,
    0x00,
    0x00,
    0x00,
    0x00,
    0x00,
    0x00,
    0x00,
    0x00,
    0x00,
    0xee,
    0x6c,
    0x28,
    0x5a,
    0x87,
    0x8f,
    0x92,
    0x98,
    0xdd,
    0x00,
    0x00,
    0x00,
    0x00,
    0x00,
    0x00,
    0x00,
    0x00,
    0x00,
    0x00,
    0x00,
    0x00,
    0x00,
    0x00,
    0x00,
    0x00,
    0x00,
    0x00,
    0x00,
    0x00,
    0x00,
    0x00,
    0x00,
    0x00,
    0x00,
    0x00,
    0x00,
    0x00,
    0x00,
    0x00,
    0x00,
    0x00,
    0xf7,
    0x8f,
    0x79,
    0x68,
    0x57,
    0x44,
    0x50,
    0x72,
    0x87,
    0x8b,
    0x8b,
    0x8b,
    0x8f,
    0x93,
    0x93,
    0x93,
    0x98,
    0x9b,
    0xd0,
    0x00,
    0x00,
    0x00,
    0x00,
    0x00,
    0x00,
    0x00,
    0xfd,
    0xbc,
    0x93,
    0x9b,
    0xa5,
    0xba,
    0xed,
    0x00,
    0x00,
    0x00,
    0x00,
    0x00,
    0x00,
    0x00,
    0x00,
    0xdc,
    0x8b,
    0x8b,
    0x84,
    0x87,
    0x8b,
    0x87,
    0x8b,
    0x8b,
    0x8b,
    0x8f,
    0x8f,
    0x8f,
    0x8f,
    0x8f,
    0x4c,
    0x09,
    0x4f,
    0xfc,
    0x00,
    0x00,
    0x00,
    0x00,
    0x00,
    0x00,
    0x00,
    0x00,
    0x00,
    0x00,
    0x00,
    0x00,
    0x00,
    0x00,
    0x00,
    0x00,
    0x00,
    0x00,
    0x00,
    0x00,
    0xfb,
    0xbc,
    0x9c,
    0x8f,
    0x92,
    0x9a,
    0xac,
    0xba,
    0xdd,
    0xff,
    0x00,
    0x00,
    0x00,
    0x00,
    0x00,
    0x00,
    0xff,
    0xd4,
    0x87,
    0x75,
    0x6d,
    0x75,
    0x7a,
    0xc2,
    0xf7,
    0x00,
    0x00,
    0x00,
    0x00,
    0x00,
    0x00,
    0x00,
    0x00,
    0x00,
    0x00,
    0x00,
    0x00,
    0x00,
    0x00,
    0x00,
    0x00,
    0x00,
    0x00,
    0x00,
    0xfe,
    0xdc,
    0xb7,
    0x98,
    0x9b,
    0xac,
    0xbe,
    0xf0,
    0x00,
    0x00,
    0x00,
    0x00,
    0x00,
    0x00,
    0x00,
    0x00,
    0x00,
    0x00,
    0x00,
    0x00,
    0x00,
    0x00,
    0x00,
    0x00,
    0x00,
    0x00,
    0x00,
    0x00,
    0x00,
    0xed,
    0xaf,
    0x9b,
    0x93,
    0x98,
    0x98,
    0xa0,
    0xac,
    0xb2,
    0xb2,
    0xb2,
    0xb2,
    0xca,
    0xfb,
    0x00,
    0x00,
    0x00,
    0xfa,
    0xdb,
    0xbf,
    0xd2,
    0xf7,
    0xff,
    0xf4,
    0xdf,
    0xdf,
    0xf2,
    0xff,
    0x00,
    0x00,
    0x00,
    0x00,
    0x00,
    0x00,
    0x00,
    0x00,
    0x00,
    0x00,
    0x00,
    0x00,
    0xf7,
    0xbc,
    0x98,
    0x93,
    0x98,
    0xb2,
    0xdd,
    0x00,
    0x00,
    0x00,
    0x00,
    0x00,
    0x00,
    0x00,
    0x00,
    0x00,
    0x00,
    0x00,
    0x00,
    0x00,
    0x00,
    0x00,
    0x00,
    0x00,
    0x00,
    0x00,
    0x00,
    0x00,
    0x00,
    0x00,
    0x00,
    0x00,
    0x00,
    0x00,
    0x00,
    0x00,
    0x00,
    0x00,
    0x00,
    0xff,
    0xdb,
    0x8b,
    0x50,
    0x14,
    0xef,
    0x00,
    0x00,
    0x00,
    0x00,
    0x00,
    0x00,
    0x00,
    0x00,
    0x00,
    0x00,
    0x00,
    0x00,
    0x00,
    0x00,
    0x00,
    0x00,
    0x00,
    0x00,
    0x00,
    0x00,
    0x00,
    0xdc,
    0x79,
    0x72,
    0x7e,
    0x83,
    0x8b,
    0x93,
    0xa4,
    0xe7,
    0x00,
    0x00,
    0x00,
    0x00,
    0x00,
    0x00,
    0x00,
    0x00,
    0x00,
    0x00,
    0x00,
    0x00,
    0x00,
    0x00,
    0x00,
    0x00,
    0x00,
    0x00,
    0x00,
    0x00,
    0x00,
    0x00,
    0x00,
    0x00,
    0x00,
    0x00,
    0x00,
    0x00,
    0x00,
    0x00,
    0x00,
    0x00,
    0xf4,
    0x8f,
    0x8f,
    0x7e,
    0x78,
    0x72,
    0x78,
    0x87,
    0x8b,
    0x84,
    0x83,
    0x84,
    0x84,
    0x8f,
    0x92,
    0x98,
    0x9b,
    0xa4,
    0xe4,
    0x00,
    0x00,
    0x00,
    0x00,
    0x00,
    0x00,
    0x00,
    0x00,
    0xf7,
    0xc1,
    0xaf,
    0xd8,
    0xf4,
    0x00,
    0x00,
    0x00,
    0x00,
    0x00,
    0x00,
    0x00,
    0x00,
    0x00,
    0xf2,
    0x8f,
    0x84,
    0x83,
    0x84,
    0x84,
    0x84,
    0x83,
    0x83,
    0x84,
    0x8b,
    0x8f,
    0x98,
    0x93,
    0x8f,
    0x57,
    0x2d,
    0x94,
    0xff,
    0x00,
    0x00,
    0x00,
    0x00,
    0x00,
    0x00,
    0x00,
    0x00,
    0x00,
    0x00,
    0x00,
    0x00,
    0x00,
    0x00,
    0x00,
    0x00,
    0x00,
    0x00,
    0x00,
    0x00,
    0x00,
    0xfd,
    0xd0,
    0x9a,
    0xa0,
    0xb2,
    0xbe,
    0xf0,
    0x00,
    0x00,
    0x00,
    0x00,
    0x00,
    0x00,
    0x00,
    0x00,
    0xda,
    0x87,
    0x87,
    0x6d,
    0x50,
    0x44,
    0x46,
    0x5e,
    0x7e,
    0xdc,
    0x00,
    0x00,
    0x00,
    0x00,
    0x00,
    0x00,
    0x00,
    0x00,
    0x00,
    0x00,
    0x00,
    0x00,
    0x00,
    0x00,
    0x00,
    0x00,
    0x00,
    0x00,
    0x00,
    0x00,
    0xfd,
    0xe4,
    0xb7,
    0xbe,
    0xf3,
    0x00,
    0x00,
    0x00,
    0x00,
    0x00,
    0x00,
    0x00,
    0x00,
    0x00,
    0x00,
    0x00,
    0x00,
    0x00,
    0x00,
    0x00,
    0x00,
    0x00,
    0x00,
    0x00,
    0x00,
    0x00,
    0x00,
    0x00,
    0xeb,
    0xa5,
    0xa0,
    0xa0,
    0xa5,
    0xb2,
    0xb2,
    0xba,
    0xba,
    0xc3,
    0xeb,
    0xff,
    0x00,
    0x00,
    0x00,
    0xee,
    0x81,
    0x57,
    0x2e,
    0x2a,
    0x89,
    0xce,
    0x8b,
    0x84,
    0x87,
    0x54,
    0x48,
    0xff,
    0x00,
    0x00,
    0x00,
    0x00,
    0x00,
    0x00,
    0x00,
    0x00,
    0x00,
    0x00,
    0x00,
    0x00,
    0xfe,
    0xe4,
    0xaa,
    0xb2,
    0xe4,
    0x00,
    0x00,
    0x00,
    0x00,
    0x00,
    0x00,
    0x00,
    0x00,
    0x00,
    0x00,
    0x00,
    0x00,
    0x00,
    0x00,
    0x00,
    0x00,
    0x00,
    0x00,
    0x00,
    0x00,
    0x00,
    0x00,
    0x00,
    0x00,
    0x00,
    0x00,
    0x00,
    0x00,
    0x00,
    0x00,
    0x00,
    0xf4,
    0x88,
    0xab,
    0x93,
    0x8b,
    0x8f,
    0x63,
    0xdb,
    0x00,
    0x00,
    0x00,
    0x00,
    0x00,
    0x00,
    0x00,
    0x00,
    0x00,
    0x00,
    0x00,
    0x00,
    0x00,
    0x00,
    0x00,
    0x00,
    0x00,
    0x00,
    0x00,
    0x00,
    0x00,
    0xf7,
    0xa3,
    0x84,
    0x83,
    0x84,
    0x98,
    0x9c,
    0xb2,
    0xfa,
    0x00,
    0x00,
    0x00,
    0x00,
    0x00,
    0x00,
    0x00,
    0x00,
    0x00,
    0x00,
    0x00,
    0x00,
    0x00,
    0x00,
    0x00,
    0x00,
    0x00,
    0x00,
    0x00,
    0x00,
    0x00,
    0x00,
    0x00,
    0x00,
    0x00,
    0x00,
    0x00,
    0x00,
    0x00,
    0x00,
    0x00,
    0x00,
    0xfe,
    0x97,
    0x8b,
    0x8b,
    0x87,
    0x87,
    0x8b,
    0x84,
    0x84,
    0x83,
    0x83,
    0x83,
    0x8f,
    0x92,
    0x98,
    0xa0,
    0xa0,
    0xac,
    0xf7,
    0x00,
    0x00,
    0x00,
    0x00,
    0x00,
    0x00,
    0x00,
    0x00,
    0x00,
    0xfe,
    0xfe,
    0x00,
    0x00,
    0x00,
    0x00,
    0x00,
    0x00,
    0x00,
    0x00,
    0x00,
    0x00,
    0x00,
    0xff,
    0x9c,
    0x8f,
    0x83,
    0x83,
    0x83,
    0x83,
    0x83,
    0x83,
    0x83,
    0x84,
    0x8f,
    0x92,
    0x93,
    0x8f,
    0x78,
    0x81,
    0xda,
    0x00,
    0x00,
    0x00,
    0x00,
    0x00,
    0x00,
    0x00,
    0x00,
    0x00,
    0x00,
    0x00,
    0x00,
    0x00,
    0x00,
    0x00,
    0x00,
    0x00,
    0x00,
    0x00,
    0x00,
    0x00,
    0x00,
    0x00,
    0xff,
    0xf0,
    0xc1,
    0xd3,
    0xfb,
    0x00,
    0x00,
    0x00,
    0x00,
    0x00,
    0x00,
    0x00,
    0x00,
    0xff,
    0x9a,
    0x8f,
    0x87,
    0x72,
    0x50,
    0x2e,
    0x12,
    0x1d,
    0x5e,
    0x87,
    0xf4,
    0x00,
    0x00,
    0x00,
    0x00,
    0x00,
    0x00,
    0x00,
    0x00,
    0x00,
    0x00,
    0x00,
    0x00,
    0x00,
    0x00,
    0x00,
    0x00,
    0x00,
    0x00,
    0x00,
    0x00,
    0x00,
    0x00,
    0xff,
    0x00,
    0x00,
    0x00,
    0x00,
    0x00,
    0x00,
    0x00,
    0x00,
    0x00,
    0x00,
    0x00,
    0x00,
    0x00,
    0x00,
    0x00,
    0x00,
    0x00,
    0x00,
    0x00,
    0x00,
    0x00,
    0x00,
    0x00,
    0x00,
    0x00,
    0xe4,
    0xaf,
    0xb2,
    0xba,
    0xba,
    0xbe,
    0xc3,
    0xe7,
    0xfd,
    0x00,
    0x00,
    0x00,
    0x00,
    0x00,
    0xc2,
    0x87,
    0x63,
    0x3d,
    0x28,
    0x67,
    0x8f,
    0x87,
    0x84,
    0x87,
    0x44,
    0x06,
    0xe8,
    0x00,
    0x00,
    0x00,
    0x00,
    0x00,
    0x00,
    0x00,
    0x00,
    0x00,
    0x00,
    0x00,
    0x00,
    0x00,
    0x00,
    0xfd,
    0xfa,
    0xff,
    0x00,
    0x00,
    0x00,
    0x00,
    0x00,
    0x00,
    0x00,
    0x00,
    0x00,
    0x00,
    0x00,
    0x00,
    0x00,
    0x00,
    0x00,
    0x00,
    0x00,
    0x00,
    0x00,
    0x00,
    0x00,
    0x00,
    0x00,
    0x00,
    0x00,
    0x00,
    0x00,
    0x00,
    0x00,
    0x00,
    0xee,
    0x6c,
    0x28,
    0x5a,
    0x87,
    0x8f,
    0x92,
    0x98,
    0xdd,
    0x00,
    0x00,
    0x00,
    0x00,
    0x00,
    0x00,
    0x00,
    0x00,
    0x00,
    0x00,
    0x00,
    0x00,
    0x00,
    0x00,
    0x00,
    0x00,
    0x00,
    0x00,
    0x00,
    0x00,
    0x00,
    0x00,
    0xf4,
    0x9c,
    0x92,
    0x93,
    0x92,
    0xa0,
    0xd3,
    0xff,
    0x00,
    0x00,
    0x00,
    0x00,
    0x00,
    0x00,
    0x00,
    0x00,
    0x00,
    0x00,
    0x00,
    0x00,
    0x00,
    0x00,
    0x00,
    0x00,
    0x00,
    0x00,
    0x00,
    0x00,
    0x00,
    0x00,
    0x00,
    0x00,
    0x00,
    0x00,
    0x00,
    0x00,
    0x00,
    0x00,
    0x00,
    0x00,
    0x00,
    0xdc,
    0x8f,
    0x84,
    0x83,
    0x83,
    0x84,
    0x83,
    0x83,
    0x83,
    0x87,
    0x8f,
    0x93,
    0x9a,
    0xa4,
    0xa4,
    0xac,
    0xbe,
    0xfe,
    0x00,
    0x00,
    0x00,
    0x00,
    0x00,
    0x00,
    0x00,
    0x00,
    0x00,
    0x00,
    0x00,
    0x00,
    0x00,
    0x00,
    0x00,
    0x00,
    0x00,
    0x00,
    0x00,
    0x00,
    0x00,
    0x00,
    0x00,
    0xda,
    0x93,
    0x92,
    0x87,
    0x84,
    0x84,
    0x87,
    0x8f,
    0x8f,
    0x8b,
    0x8f,
    0x92,
    0x98,
    0x9b,
    0x98,
    0xa4,
    0xfb,
    0x00,
    0x00,
    0x00,
    0x00,
    0x00,
    0x00,
    0x00,
    0x00,
    0x00,
    0x00,
    0x00,
    0x00,
    0x00,
    0x00,
    0x00,
    0x00,
    0x00,
    0x00,
    0x00,
    0x00,
    0x00,
    0x00,
    0x00,
    0x00,
    0x00,
    0xff,
    0x00,
    0x00,
    0x00,
    0x00,
    0x00,
    0x00,
    0x00,
    0x00,
    0x00,
    0x00,
    0xf2,
    0x8f,
    0x8b,
    0x8b,
    0x78,
    0x5a,
    0x3e,
    0x15,
    0x0b,
    0x30,
    0x79,
    0xda,
    0xf7,
    0xc2,
    0xaa,
    0xc2,
    0xed,
    0xff,
    0x00,
    0x00,
    0x00,
    0x00,
    0x00,
    0x00,
    0x00,
    0x00,
    0x00,
    0x00,
    0x00,
    0x00,
    0x00,
    0x00,
    0x00,
    0x00,
    0x00,
    0x00,
    0x00,
    0x00,
    0x00,
    0x00,
    0x00,
    0x00,
    0x00,
    0x00,
    0x00,
    0x00,
    0x00,
    0x00,
    0x00,
    0x00,
    0x00,
    0x00,
    0x00,
    0x00,
    0x00,
    0x00,
    0x00,
    0x00,
    0x00,
    0x00,
    0x00,
    0xf3,
    0xc3,
    0xca,
    0xdd,
    0xf5,
    0xff,
    0x00,
    0x00,
    0x00,
    0x00,
    0x00,
    0x00,
    0x00,
    0xc5,
    0x8b,
    0x7e,
    0x72,
    0x78,
    0x87,
    0x8b,
    0x8f,
    0x8f,
    0x92,
    0x68,
    0x19,
    0xe6,
    0x00,
    0x00,
    0x00,
    0x00,
    0x00,
    0x00,
    0x00,
    0x00,
    0x00,
    0x00,
    0x00,
    0x00,
    0x00,
    0x00,
    0x00,
    0x00,
    0x00,
    0x00,
    0x00,
    0x00,
    0x00,
    0x00,
    0x00,
    0x00,
    0x00,
    0x00,
    0x00,
    0x00,
    0x00,
    0x00,
    0x00,
    0x00,
    0x00,
    0x00,
    0x00,
    0x00,
    0x00,
    0x00,
    0x00,
    0x00,
    0x00,
    0x00,
    0x00,
    0x00,
    0x00,
    0x00,
    0x00,
    0xdc,
    0x79,
    0x72,
    0x7e,
    0x83,
    0x8b,
    0x93,
    0xa4,
    0xe7,
    0x00,
    0x00,
    0x00,
    0x00,
    0x00,
    0x00,
    0x00,
    0x00,
    0x00,
    0x00,
    0x00,
    0x00,
    0x00,
    0x00,
    0x00,
    0x00,
    0x00,
    0x00,
    0x00,
    0x00,
    0x00,
    0x00,
    0x00,
    0xff,
    0xed,
    0xcd,
    0xaf,
    0xbe,
    0xfb,
    0x00,
    0x00,
    0x00,
    0x00,
    0x00,
    0x00,
    0x00,
    0x00,
    0x00,
    0x00,
    0x00,
    0x00,
    0x00,
    0x00,
    0x00,
    0x00,
    0x00,
    0x00,
    0x00,
    0x00,
    0x00,
    0x00,
    0x00,
    0x00,
    0x00,
    0x00,
    0x00,
    0x00,
    0x00,
    0x00,
    0x00,
    0x00,
    0x00,
    0x00,
    0xff,
    0xb7,
    0x8f,
    0x84,
    0x83,
    0x83,
    0x83,
    0x83,
    0x8f,
    0x93,
    0x9c,
    0x9c,
    0xa4,
    0xa5,
    0xb2,
    0xb2,
    0xeb,
    0x00,
    0x00,
    0x00,
    0x00,
    0x00,
    0x00,
    0x00,
    0x00,
    0x00,
    0x00,
    0x00,
    0x00,
    0x00,
    0x00,
    0x00,
    0x00,
    0x00,
    0x00,
    0x00,
    0x00,
    0x00,
    0x00,
    0x00,
    0x00,
    0xfd,
    0xa3,
    0x98,
    0x93,
    0x8f,
    0x93,
    0x93,
    0x9a,
    0x9a,
    0x9a,
    0x9b,
    0x9b,
    0x9a,
    0xa0,
    0xa0,
    0xda,
    0x00,
    0x00,
    0x00,
    0x00,
    0x00,
    0x00,
    0x00,
    0x00,
    0x00,
    0x00,
    0x00,
    0x00,
    0x00,
    0x00,
    0x00,
    0x00,
    0x00,
    0x00,
    0x00,
    0x00,
    0x00,
    0x00,
    0x00,
    0x00,
    0x00,
    0x00,
    0x00,
    0x00,
    0x00,
    0x00,
    0x00,
    0x00,
    0x00,
    0x00,
    0x00,
    0x00,
    0x00,
    0xdf,
    0x8f,
    0x84,
    0x87,
    0x87,
    0x72,
    0x50,
    0x3e,
    0x34,
    0x4c,
    0x79,
    0x97,
    0x8f,
    0x84,
    0x84,
    0x83,
    0x8b,
    0xa3,
    0xee,
    0x00,
    0x00,
    0x00,
    0x00,
    0x00,
    0x00,
    0x00,
    0x00,
    0x00,
    0x00,
    0x00,
    0x00,
    0x00,
    0x00,
    0x00,
    0x00,
    0x00,
    0x00,
    0x00,
    0x00,
    0x00,
    0x00,
    0x00,
    0x00,
    0x00,
    0x00,
    0x00,
    0x00,
    0x00,
    0x00,
    0x00,
    0x00,
    0x00,
    0x00,
    0x00,
    0x00,
    0x00,
    0x00,
    0x00,
    0x00,
    0x00,
    0x00,
    0x00,
    0xfe,
    0xff,
    0x00,
    0x00,
    0x00,
    0x00,
    0x00,
    0x00,
    0x00,
    0x00,
    0x00,
    0x00,
    0xdc,
    0x87,
    0x83,
    0x8b,
    0x84,
    0x84,
    0x84,
    0x8b,
    0x93,
    0x93,
    0x82,
    0x7a,
    0xf7,
    0x00,
    0x00,
    0x00,
    0x00,
    0x00,
    0x00,
    0x00,
    0x00,
    0x00,
    0x00,
    0x00,
    0x00,
    0x00,
    0x00,
    0x00,
    0x00,
    0x00,
    0x00,
    0x00,
    0x00,
    0x00,
    0x00,
    0x00,
    0x00,
    0x00,
    0x00,
    0x00,
    0x00,
    0x00,
    0x00,
    0x00,
    0x00,
    0x00,
    0x00,
    0x00,
    0x00,
    0x00,
    0x00,
    0x00,
    0x00,
    0x00,
    0x00,
    0x00,
    0x00,
    0x00,
    0x00,
    0x00,
    0xf7,
    0xa3,
    0x84,
    0x83,
    0x84,
    0x98,
    0x9c,
    0xb2,
    0xfa,
    0x00,
    0x00,
    0x00,
    0x00,
    0x00,
    0x00,
    0x00,
    0x00,
    0x00,
    0x00,
    0x00,
    0x00,
    0x00,
    0x00,
    0x00,
    0x00,
    0x00,
    0x00,
    0x00,
    0x00,
    0x00,
    0x00,
    0x00,
    0x00,
    0x00,
    0x00,
    0xff,
    0xff,
    0x00,
    0x00,
    0x00,
    0x00,
    0x00,
    0x00,
    0x00,
    0x00,
    0x00,
    0x00,
    0x00,
    0x00,
    0x00,
    0x00,
    0x00,
    0x00,
    0x00,
    0x00,
    0x00,
    0x00,
    0x00,
    0x00,
    0x00,
    0x00,
    0x00,
    0x00,
    0x00,
    0x00,
    0x00,
    0x00,
    0x00,
    0x00,
    0x00,
    0x00,
    0x00,
    0x00,
    0xfa,
    0xb7,
    0x8f,
    0x8f,
    0x87,
    0x8f,
    0x8f,
    0x93,
    0x8f,
    0x93,
    0x98,
    0xa4,
    0xac,
    0xba,
    0xca,
    0xfe,
    0x00,
    0x00,
    0x00,
    0x00,
    0x00,
    0x00,
    0x00,
    0x00,
    0x00,
    0x00,
    0x00,
    0x00,
    0x00,
    0x00,
    0x00,
    0x00,
    0x00,
    0x00,
    0x00,
    0x00,
    0x00,
    0x00,
    0x00,
    0x00,
    0x00,
    0xe9,
    0xa3,
    0x9c,
    0x9a,
    0x8f,
    0x8f,
    0x93,
    0x9c,
    0xa4,
    0xa5,
    0xa4,
    0xac,
    0xa4,
    0xcd,
    0xfe,
    0x00,
    0x00,
    0x00,
    0x00,
    0x00,
    0x00,
    0x00,
    0x00,
    0x00,
    0x00,
    0x00,
    0x00,
    0x00,
    0x00,
    0x00,
    0x00,
    0x00,
    0x00,
    0x00,
    0x00,
    0x00,
    0x00,
    0x00,
    0x00,
    0x00,
    0x00,
    0x00,
    0x00,
    0x00,
    0x00,
    0x00,
    0x00,
    0x00,
    0x00,
    0x00,
    0x00,
    0x00,
    0xda,
    0x8b,
    0x84,
    0x84,
    0x8b,
    0x7e,
    0x78,
    0x68,
    0x72,
    0x78,
    0x7e,
    0x8b,
    0x8b,
    0x84,
    0x84,
    0x84,
    0x8b,
    0x87,
    0x87,
    0xd2,
    0x00,
    0x00,
    0x00,
    0x00,
    0x00,
    0x00,
    0x00,
    0x00,
    0x00,
    0x00,
    0x00,
    0x00,
    0x00,
    0x00,
    0x00,
    0x00,
    0x00,
    0x00,
    0x00,
    0x00,
    0x00,
    0x00,
    0x00,
    0x00,
    0x00,
    0x00,
    0x00,
    0x00,
    0x00,
    0x00,
    0x00,
    0x00,
    0x00,
    0x00,
    0x00,
    0x00,
    0x00,
    0x00,
    0x00,
    0x00,
    0x00,
    0x00,
    0x00,
    0x00,
    0x00,
    0x00,
    0x00,
    0x00,
    0x00,
    0x00,
    0x00,
    0x00,
    0x00,
    0x00,
    0xf7,
    0xa3,
    0x84,
    0x83,
    0x83,
    0x83,
    0x84,
    0x8b,
    0x8f,
    0x98,
    0x98,
    0xac,
    0xff,
    0x00,
    0x00,
    0x00,
    0x00,
    0x00,
    0x00,
    0x00,
    0x00,
    0x00,
    0x00,
    0x00,
    0x00,
    0x00,
    0x00,
    0x00,
    0x00,
    0x00,
    0x00,
    0x00,
    0x00,
    0x00,
    0x00,
    0x00,
    0x00,
    0x00,
    0x00,
    0x00,
    0x00,
    0x00,
    0x00,
    0x00,
    0x00,
    0x00,
    0x00,
    0x00,
    0x00,
    0x00,
    0x00,
    0x00,
    0x00,
    0x00,
    0x00,
    0x00,
    0x00,
    0x00,
    0x00,
    0x00,
    0x00,
    0xf4,
    0x9c,
    0x92,
    0x93,
    0x92,
    0xa0,
    0xd3,
    0xff,
    0x00,
    0x00,
    0x00,
    0x00,
    0x00,
    0x00,
    0x00,
    0x00,
    0x00,
    0x00,
    0x00,
    0x00,
    0x00,
    0x00,
    0x00,
    0x00,
    0x00,
    0x00,
    0x00,
    0x00,
    0x00,
    0x00,
    0x00,
    0x00,
    0x00,
    0x00,
    0x00,
    0x00,
    0x00,
    0x00,
    0x00,
    0x00,
    0x00,
    0x00,
    0x00,
    0x00,
    0x00,
    0x00,
    0x00,
    0x00,
    0x00,
    0x00,
    0x00,
    0x00,
    0x00,
    0x00,
    0x00,
    0x00,
    0x00,
    0x00,
    0x00,
    0x00,
    0x00,
    0x00,
    0x00,
    0x00,
    0x00,
    0x00,
    0x00,
    0x00,
    0x00,
    0x00,
    0x00,
    0x00,
    0x00,
    0xf7,
    0xb0,
    0x98,
    0x93,
    0x98,
    0x93,
    0x93,
    0x8f,
    0x92,
    0x98,
    0xac,
    0xb2,
    0xbe,
    0xf0,
    0x00,
    0x00,
    0x00,
    0x00,
    0x00,
    0x00,
    0x00,
    0x00,
    0x00,
    0x00,
    0x00,
    0x00,
    0x00,
    0x00,
    0x00,
    0x00,
    0x00,
    0x00,
    0x00,
    0x00,
    0x00,
    0x00,
    0x00,
    0x00,
    0x00,
    0x00,
    0xff,
    0xda,
    0xa3,
    0x9c,
    0x8f,
    0x92,
    0x93,
    0x9b,
    0xac,
    0xac,
    0xb2,
    0xac,
    0xcd,
    0xfb,
    0x00,
    0x00,
    0x00,
    0x00,
    0x00,
    0x00,
    0x00,
    0x00,
    0x00,
    0x00,
    0x00,
    0x00,
    0x00,
    0x00,
    0x00,
    0x00,
    0x00,
    0x00,
    0x00,
    0x00,
    0x00,
    0x00,
    0x00,
    0x00,
    0x00,
    0x00,
    0x00,
    0x00,
    0x00,
    0x00,
    0x00,
    0x00,
    0x00,
    0x00,
    0x00,
    0x00,
    0x00,
    0x00,
    0xda,
    0x8f,
    0x84,
    0x83,
    0x84,
    0x8b,
    0x87,
    0x8b,
    0x87,
    0x87,
    0x8b,
    0x8b,
    0x8b,
    0x8b,
    0x84,
    0x84,
    0x87,
    0x72,
    0x54,
    0x58,
    0xe5,
    0x00,
    0x00,
    0x00,
    0x00,
    0x00,
    0x00,
    0x00,
    0x00,
    0x00,
    0x00,
    0x00,
    0x00,
    0x00,
    0x00,
    0x00,
    0x00,
    0x00,
    0x00,
    0x00,
    0x00,
    0x00,
    0x00,
    0x00,
    0x00,
    0x00,
    0x00,
    0x00,
    0x00,
    0x00,
    0x00,
    0x00,
    0x00,
    0x00,
    0x00,
    0x00,
    0x00,
    0x00,
    0x00,
    0x00,
    0x00,
    0x00,
    0x00,
    0x00,
    0x00,
    0x00,
    0x00,
    0x00,
    0x00,
    0x00,
    0x00,
    0x00,
    0x00,
    0x00,
    0x00,
    0xdc,
    0x93,
    0x8f,
    0x87,
    0x93,
    0x9a,
    0x9a,
    0x9c,
    0xa0,
    0xa4,
    0xe7,
    0x00,
    0x00,
    0x00,
    0x00,
    0x00,
    0x00,
    0x00,
    0x00,
    0x00,
    0x00,
    0x00,
    0x00,
    0x00,
    0x00,
    0x00,
    0x00,
    0x00,
    0x00,
    0x00,
    0x00,
    0x00,
    0x00,
    0x00,
    0x00,
    0x00,
    0x00,
    0x00,
    0x00,
    0x00,
    0x00,
    0x00,
    0x00,
    0x00,
    0x00,
    0x00,
    0x00,
    0x00,
    0x00,
    0x00,
    0x00,
    0x00,
    0x00,
    0x00,
    0x00,
    0x00,
    0x00,
    0x00,
    0x00,
    0x00,
    0x00,
    0xff,
    0xed,
    0xcd,
    0xaf,
    0xbe,
    0xfb,
    0x00,
    0x00,
    0x00,
    0x00,
    0x00,
    0x00,
    0x00,
    0x00,
    0x00,
    0x00,
    0x00,
    0x00,
    0x00,
    0x00,
    0x00,
    0x00,
    0x00,
    0x00,
    0x00,
    0x00,
    0x00,
    0x00,
    0x00,
    0x00,
    0x00,
    0x00,
    0x00,
    0x00,
    0x00,
    0x00,
    0x00,
    0x00,
    0x00,
    0x00,
    0x00,
    0x00,
    0x00,
    0x00,
    0x00,
    0x00,
    0x00,
    0x00,
    0x00,
    0x00,
    0x00,
    0x00,
    0x00,
    0x00,
    0x00,
    0x00,
    0x00,
    0x00,
    0x00,
    0x00,
    0x00,
    0x00,
    0xfe,
    0xf7,
    0xee,
    0xf8,
    0xff,
    0x00,
    0x00,
    0x00,
    0x00,
    0x00,
    0x00,
    0xfe,
    0xd0,
    0xa3,
    0xa4,
    0x97,
    0x9a,
    0x92,
    0x98,
    0x9c,
    0xb2,
    0xbe,
    0xe4,
    0x00,
    0x00,
    0x00,
    0x00,
    0x00,
    0x00,
    0x00,
    0x00,
    0x00,
    0x00,
    0x00,
    0x00,
    0x00,
    0x00,
    0x00,
    0x00,
    0x00,
    0x00,
    0x00,
    0x00,
    0x00,
    0x00,
    0x00,
    0x00,
    0x00,
    0x00,
    0x00,
    0x00,
    0xfe,
    0xd4,
    0xa4,
    0x93,
    0x98,
    0x9b,
    0xac,
    0xb2,
    0xb2,
    0xba,
    0xda,
    0xfe,
    0x00,
    0x00,
    0x00,
    0x00,
    0x00,
    0x00,
    0x00,
    0x00,
    0x00,
    0x00,
    0x00,
    0x00,
    0x00,
    0x00,
    0x00,
    0x00,
    0x00,
    0x00,
    0x00,
    0x00,
    0x00,
    0x00,
    0x00,
    0x00,
    0x00,
    0x00,
    0x00,
    0x00,
    0x00,
    0x00,
    0x00,
    0x00,
    0x00,
    0x00,
    0x00,
    0x00,
    0x00,
    0x00,
    0x00,
    0xdc,
    0x92,
    0x8b,
    0x83,
    0x83,
    0x84,
    0x84,
    0x84,
    0x84,
    0x8b,
    0x84,
    0x8f,
    0x8f,
    0x8f,
    0x8b,
    0x8b,
    0x87,
    0x63,
    0x16,
    0x08,
    0x3c,
    0x00,
    0x00,
    0x00,
    0x00,
    0x00,
    0x00,
    0x00,
    0x00,
    0x00,
    0x00,
    0x00,
    0x00,
    0x00,
    0x00,
    0x00,
    0x00,
    0x00,
    0x00,
    0x00,
    0x00,
    0x00,
    0x00,
    0x00,
    0x00,
    0x00,
    0x00,
    0x00,
    0x00,
    0x00,
    0x00,
    0x00,
    0x00,
    0x00,
    0x00,
    0x00,
    0x00,
    0x00,
    0x00,
    0x00,
    0x00,
    0x00,
    0x00,
    0x00,
    0x00,
    0x00,
    0x00,
    0x00,
    0x00,
    0x00,
    0x00,
    0x00,
    0x00,
    0x00,
    0x00,
    0xfe,
    0xc5,
    0x9c,
    0x98,
    0x8f,
    0x93,
    0xa4,
    0xac,
    0xaf,
    0xd8,
    0x00,
    0x00,
    0x00,
    0x00,
    0x00,
    0x00,
    0x00,
    0x00,
    0x00,
    0x00,
    0x00,
    0x00,
    0x00,
    0x00,
    0x00,
    0x00,
    0x00,
    0x00,
    0x00,
    0x00,
    0x00,
    0x00,
    0x00,
    0x00,
    0x00,
    0x00,
    0x00,
    0x00,
    0x00,
    0x00,
    0x00,
    0x00,
    0x00,
    0x00,
    0x00,
    0x00,
    0x00,
    0x00,
    0x00,
    0x00,
    0x00,
    0x00,
    0x00,
    0x00,
    0x00,
    0x00,
    0x00,
    0x00,
    0x00,
    0x00,
    0x00,
    0x00,
    0x00,
    0x00,
    0xff,
    0xff,
    0x00,
    0x00,
    0x00,
    0x00,
    0x00,
    0x00,
    0x00,
    0x00,
    0x00,
    0x00,
    0x00,
    0x00,
    0x00,
    0x00,
    0x00,
    0x00,
    0x00,
    0x00,
    0x00,
    0x00,
    0x00,
    0x00,
    0x00,
    0x00,
    0x00,
    0x00,
    0x00,
    0x00,
    0x00,
    0x00,
    0x00,
    0x00,
    0x00,
    0x00,
    0x00,
    0x00,
    0x00,
    0x00,
    0x00,
    0x00,
    0x00,
    0x00,
    0x00,
    0x00,
    0x00,
    0x00,
    0x00,
    0x00,
    0x00,
    0x00,
    0x00,
    0x00,
    0xfb,
    0xe9,
    0xed,
    0xfb,
    0xf2,
    0xa3,
    0x87,
    0x7e,
    0x2b,
    0x45,
    0xff,
    0x00,
    0x00,
    0x00,
    0x00,
    0x00,
    0x00,
    0x00,
    0xf7,
    0xda,
    0xbc,
    0xa4,
    0x9a,
    0xa0,
    0xb2,
    0xba,
    0xd8,
    0xff,
    0x00,
    0x00,
    0x00,
    0x00,
    0x00,
    0x00,
    0x00,
    0x00,
    0x00,
    0x00,
    0x00,
    0x00,
    0x00,
    0x00,
    0x00,
    0x00,
    0x00,
    0x00,
    0x00,
    0x00,
    0x00,
    0x00,
    0x00,
    0x00,
    0x00,
    0x00,
    0x00,
    0x00,
    0x00,
    0xfe,
    0xd4,
    0xac,
    0xa4,
    0xb2,
    0xba,
    0xba,
    0xcf,
    0xf5,
    0x00,
    0x00,
    0x00,
    0x00,
    0x00,
    0x00,
    0x00,
    0x00,
    0x00,
    0x00,
    0x00,
    0x00,
    0x00,
    0x00,
    0x00,
    0x00,
    0x00,
    0x00,
    0x00,
    0x00,
    0x00,
    0x00,
    0x00,
    0x00,
    0x00,
    0x00,
    0x00,
    0x00,
    0x00,
    0x00,
    0x00,
    0x00,
    0x00,
    0x00,
    0x00,
    0x00,
    0x00,
    0x00,
    0x00,
    0x00,
    0x00,
    0xed,
    0x93,
    0x8f,
    0x84,
    0x83,
    0x83,
    0x83,
    0x83,
    0x83,
    0x83,
    0x84,
    0x8b,
    0x8f,
    0x92,
    0x93,
    0x8f,
    0x8f,
    0x68,
    0x15,
    0x02,
    0x27,
    0xff,
    0x00,
    0x00,
    0x00,
    0x00,
    0x00,
    0x00,
    0x00,
    0x00,
    0x00,
    0x00,
    0x00,
    0x00,
    0x00,
    0x00,
    0x00,
    0x00,
    0x00,
    0x00,
    0x00,
    0x00,
    0x00,
    0x00,
    0x00,
    0x00,
    0x00,
    0x00,
    0x00,
    0x00,
    0x00,
    0x00,
    0x00,
    0x00,
    0x00,
    0x00,
    0x00,
    0x00,
    0x00,
    0x00,
    0x00,
    0x00,
    0x00,
    0x00,
    0x00,
    0x00,
    0x00,
    0x00,
    0x00,
    0x00,
    0x00,
    0x00,
    0x00,
    0x00,
    0x00,
    0x00,
    0xfd,
    0xd0,
    0x9a,
    0x93,
    0x9b,
    0xac,
    0xba,
    0xdd,
    0xfd,
    0x00,
    0x00,
    0x00,
    0x00,
    0x00,
    0x00,
    0x00,
    0x00,
    0x00,
    0x00,
    0x00,
    0x00,
    0x00,
    0x00,
    0x00,
    0x00,
    0x00,
    0x00,
    0x00,
    0x00,
    0x00,
    0x00,
    0x00,
    0x00,
    0x00,
    0x00,
    0x00,
    0x00,
    0x00,
    0x00,
    0x00,
    0x00,
    0x00,
    0x00,
    0x00,
    0x00,
    0x00,
    0x00,
    0x00,
    0x00,
    0x00,
    0x00,
    0x00,
    0x00,
    0x00,
    0x00,
    0x00,
    0x00,
    0x00,
    0x00,
    0x00,
    0x00,
    0x00,
    0x00,
    0x00,
    0x00,
    0x00,
    0x00,
    0x00,
    0x00,
    0x00,
    0x00,
    0x00,
    0x00,
    0x00,
    0x00,
    0x00,
    0x00,
    0x00,
    0x00,
    0x00,
    0x00,
    0x00,
    0x00,
    0x00,
    0x00,
    0x00,
    0x00,
    0x00,
    0x00,
    0x00,
    0x00,
    0x00,
    0x00,
    0x00,
    0x00,
    0x00,
    0x00,
    0x00,
    0x00,
    0x00,
    0x00,
    0x00,
    0x00,
    0x00,
    0x00,
    0x00,
    0x00,
    0x00,
    0x00,
    0x00,
    0x00,
    0x00,
    0x00,
    0x00,
    0x00,
    0xff,
    0xd2,
    0x77,
    0x47,
    0x50,
    0xa2,
    0x9e,
    0x84,
    0x84,
    0x7e,
    0x2d,
    0x10,
    0xe8,
    0x00,
    0x00,
    0x00,
    0x00,
    0x00,
    0x00,
    0x00,
    0x00,
    0xff,
    0xfb,
    0xe9,
    0xd0,
    0xc3,
    0xba,
    0xd3,
    0xfe,
    0x00,
    0x00,
    0x00,
    0x00,
    0x00,
    0x00,
    0x00,
    0x00,
    0x00,
    0x00,
    0x00,
    0x00,
    0x00,
    0x00,
    0x00,
    0x00,
    0x00,
    0x00,
    0x00,
    0x00,
    0x00,
    0x00,
    0x00,
    0x00,
    0x00,
    0x00,
    0x00,
    0x00,
    0x00,
    0x00,
    0x00,
    0xff,
    0xe7,
    0xbe,
    0xbe,
    0xd8,
    0xf1,
    0xff,
    0x00,
    0x00,
    0x00,
    0x00,
    0x00,
    0x00,
    0x00,
    0x00,
    0x00,
    0x00,
    0x00,
    0x00,
    0x00,
    0xf8,
    0xe0,
    0xe1,
    0xf4,
    0x00,
    0x00,
    0x00,
    0x00,
    0x00,
    0x00,
    0x00,
    0x00,
    0x00,
    0x00,
    0x00,
    0x00,
    0xfe,
    0xf2,
    0xee,
    0xfd,
    0xfe,
    0xe6,
    0xf2,
    0xfe,
    0x00,
    0x00,
    0x00,
    0x00,
    0x00,
    0xfb,
    0x9a,
    0x93,
    0x8f,
    0x8b,
    0x83,
    0x83,
    0x83,
    0x83,
    0x83,
    0x83,
    0x84,
    0x8f,
    0x93,
    0x93,
    0x8f,
    0x8f,
    0x68,
    0x15,
    0x08,
    0x53,
    0xff,
    0x00,
    0x00,
    0x00,
    0x00,
    0x00,
    0x00,
    0x00,
    0x00,
    0x00,
    0x00,
    0x00,
    0x00,
    0x00,
    0x00,
    0x00,
    0x00,
    0x00,
    0x00,
    0x00,
    0x00,
    0x00,
    0x00,
    0x00,
    0x00,
    0x00,
    0x00,
    0x00,
    0x00,
    0x00,
    0x00,
    0x00,
    0x00,
    0x00,
    0x00,
    0x00,
    0x00,
    0x00,
    0x00,
    0x00,
    0x00,
    0x00,
    0x00,
    0x00,
    0x00,
    0x00,
    0x00,
    0x00,
    0x00,
    0x00,
    0x00,
    0x00,
    0x00,
    0x00,
    0x00,
    0x00,
    0xff,
    0xdd,
    0xaf,
    0xb2,
    0xca,
    0xf3,
    0xff,
    0x00,
    0x00,
    0x00,
    0x00,
    0x00,
    0x00,
    0x00,
    0x00,
    0x00,
    0x00,
    0x00,
    0x00,
    0x00,
    0x00,
    0x00,
    0x00,
    0x00,
    0x00,
    0x00,
    0x00,
    0x00,
    0x00,
    0x00,
    0x00,
    0x00,
    0x00,
    0x00,
    0x00,
    0x00,
    0x00,
    0x00,
    0x00,
    0x00,
    0x00,
    0x00,
    0x00,
    0x00,
    0x00,
    0x00,
    0x00,
    0x00,
    0x00,
    0x00,
    0x00,
    0x00,
    0x00,
    0x00,
    0x00,
    0x00,
    0x00,
    0x00,
    0x00,
    0x00,
    0x00,
    0x00,
    0x00,
    0x00,
    0x00,
    0x00,
    0x00,
    0x00,
    0x00,
    0x00,
    0x00,
    0x00,
    0x00,
    0x00,
    0x00,
    0x00,
    0x00,
    0x00,
    0x00,
    0x00,
    0x00,
    0x00,
    0x00,
    0x00,
    0x00,
    0x00,
    0x00,
    0x00,
    0x00,
    0x00,
    0x00,
    0x00,
    0x00,
    0x00,
    0x00,
    0x00,
    0x00,
    0x00,
    0x00,
    0x00,
    0x00,
    0x00,
    0x00,
    0x00,
    0x00,
    0x00,
    0x00,
    0x00,
    0x00,
    0x00,
    0x00,
    0x00,
    0x00,
    0x00,
    0xed,
    0x78,
    0x4c,
    0x21,
    0x21,
    0x68,
    0x8b,
    0x8f,
    0x8f,
    0x8f,
    0x72,
    0x2b,
    0xe0,
    0x00,
    0x00,
    0x00,
    0x00,
    0x00,
    0x00,
    0x00,
    0x00,
    0x00,
    0x00,
    0x00,
    0xff,
    0xfd,
    0xfa,
    0xfd,
    0x00,
    0x00,
    0x00,
    0x00,
    0x00,
    0x00,
    0x00,
    0x00,
    0x00,
    0x00,
    0x00,
    0x00,
    0x00,
    0x00,
    0x00,
    0x00,
    0x00,
    0x00,
    0x00,
    0x00,
    0x00,
    0x00,
    0x00,
    0x00,
    0x00,
    0x00,
    0x00,
    0x00,
    0x00,
    0x00,
    0x00,
    0x00,
    0x00,
    0x00,
    0xf7,
    0xfa,
    0xff,
    0x00,
    0x00,
    0x00,
    0x00,
    0x00,
    0x00,
    0x00,
    0x00,
    0x00,
    0x00,
    0x00,
    0x00,
    0x00,
    0x00,
    0xc7,
    0x1a,
    0x5c,
    0x87,
    0x92,
    0xd0,
    0xff,
    0xf2,
    0xe9,
    0xf4,
    0xff,
    0x00,
    0x00,
    0x00,
    0x00,
    0x00,
    0xf9,
    0x36,
    0x73,
    0x8f,
    0xb4,
    0x9f,
    0x2b,
    0x58,
    0xbb,
    0xfe,
    0x00,
    0x00,
    0x00,
    0x00,
    0xff,
    0xbc,
    0x9a,
    0x93,
    0x92,
    0x8b,
    0x87,
    0x8f,
    0x87,
    0x8b,
    0x83,
    0x84,
    0x8b,
    0x92,
    0x98,
    0x93,
    0x87,
    0x5a,
    0x18,
    0x33,
    0xad,
    0x00,
    0x00,
    0x00,
    0x00,
    0x00,
    0x00,
    0x00,
    0x00,
    0x00,
    0x00,
    0x00,
    0x00,
    0x00,
    0x00,
    0x00,
    0x00,
    0x00,
    0x00,
    0x00,
    0x00,
    0x00,
    0x00,
    0x00,
    0x00,
    0x00,
    0x00,
    0x00,
    0x00,
    0x00,
    0x00,
    0x00,
    0x00,
    0x00,
    0x00,
    0x00,
    0x00,
    0x00,
    0x00,
    0x00,
    0x00,
    0x00,
    0x00,
    0x00,
    0x00,
    0x00,
    0x00,
    0x00,
    0x00,
    0x00,
    0x00,
    0x00,
    0x00,
    0x00,
    0x00,
    0x00,
    0x00,
    0x00,
    0x00,
    0xfa,
    0xf3,
    0xfe,
    0x00,
    0x00,
    0x00,
    0x00,
    0x00,
    0x00,
    0x00,
    0x00,
    0x00,
    0x00,
    0x00,
    0x00,
    0x00,
    0x00,
    0x00,
    0x00,
    0x00,
    0x00,
    0x00,
    0x00,
    0x00,
    0x00,
    0x00,
    0x00,
    0x00,
    0x00,
    0x00,
    0x00,
    0x00,
    0x00,
    0x00,
    0x00,
    0x00,
    0x00,
    0x00,
    0x00,
    0x00,
    0x00,
    0x00,
    0x00,
    0x00,
    0x00,
    0x00,
    0x00,
    0x00,
    0x00,
    0x00,
    0x00,
    0x00,
    0x00,
    0x00,
    0x00,
    0x00,
    0x00,
    0x00,
    0x00,
    0x00,
    0x00,
    0x00,
    0x00,
    0x00,
    0x00,
    0x00,
    0x00,
    0x00,
    0x00,
    0x00,
    0x00,
    0x00,
    0x00,
    0x00,
    0x00,
    0x00,
    0x00,
    0x00,
    0x00,
    0x00,
    0x00,
    0x00,
    0x00,
    0x00,
    0x00,
    0x00,
    0x00,
    0x00,
    0x00,
    0x00,
    0x00,
    0x00,
    0x00,
    0x00,
    0x00,
    0x00,
    0x00,
    0x00,
    0x00,
    0x00,
    0x00,
    0x00,
    0x00,
    0x00,
    0x00,
    0x00,
    0x00,
    0x00,
    0x00,
    0x00,
    0x00,
    0x00,
    0xd0,
    0x87,
    0x78,
    0x57,
    0x63,
    0x87,
    0x8b,
    0x8b,
    0x93,
    0x93,
    0x8f,
    0x82,
    0xeb,
    0x00,
    0x00,
    0x00,
    0x00,
    0x00,
    0x00,
    0x00,
    0x00,
    0x00,
    0x00,
    0x00,
    0x00,
    0x00,
    0x00,
    0x00,
    0x00,
    0x00,
    0x00,
    0x00,
    0x00,
    0x00,
    0x00,
    0x00,
    0x00,
    0x00,
    0x00,
    0x00,
    0x00,
    0x00,
    0x00,
    0x00,
    0x00,
    0x00,
    0x00,
    0x00,
    0x00,
    0x00,
    0x00,
    0x00,
    0x00,
    0x00,
    0x00,
    0x00,
    0x00,
    0x00,
    0x00,
    0x00,
    0x00,
    0x00,
    0x00,
    0x00,
    0x00,
    0x00,
    0x00,
    0x00,
    0x00,
    0x00,
    0x00,
    0x00,
    0x00,
    0x00,
    0x00,
    0x00,
    0x00,
    0x00,
    0xfe,
    0x42,
    0x0f,
    0x63,
    0x87,
    0x84,
    0x84,
    0xb4,
    0x67,
    0x3e,
    0x57,
    0x94,
    0xf7,
    0x00,
    0x00,
    0x00,
    0x00,
    0xea,
    0x17,
    0x7e,
    0x8f,
    0x8b,
    0x78,
    0x4c,
    0x68,
    0x93,
    0xf4,
    0x00,
    0x00,
    0x00,
    0x00,
    0x00,
    0xe4,
    0x9c,
    0x9c,
    0x93,
    0x93,
    0x93,
    0x93,
    0x93,
    0x93,
    0x8f,
    0x8f,
    0x8f,
    0x92,
    0x93,
    0x93,
    0x8f,
    0x63,
    0x5c,
    0x89,
    0xf4,
    0x00,
    0x00,
    0x00,
    0x00,
    0x00,
    0x00,
    0x00,
    0x00,
    0x00,
    0x00,
    0x00,
    0x00,
    0x00,
    0x00,
    0x00,
    0x00,
    0x00,
    0x00,
    0x00,
    0xfd,
    0xfd,
    0x00,
    0x00,
    0x00,
    0xff,
    0xff,
    0x00,
    0x00,
    0x00,
    0x00,
    0x00,
    0x00,
    0x00,
    0x00,
    0x00,
    0x00,
    0x00,
    0x00,
    0x00,
    0x00,
    0x00,
    0x00,
    0x00,
    0x00,
    0x00,
    0x00,
    0x00,
    0x00,
    0x00,
    0x00,
    0x00,
    0x00,
    0x00,
    0x00,
    0x00,
    0x00,
    0x00,
    0x00,
    0x00,
    0x00,
    0x00,
    0x00,
    0x00,
    0x00,
    0x00,
    0x00,
    0x00,
    0x00,
    0x00,
    0x00,
    0x00,
    0x00,
    0x00,
    0x00,
    0x00,
    0x00,
    0x00,
    0x00,
    0x00,
    0x00,
    0x00,
    0x00,
    0x00,
    0x00,
    0x00,
    0x00,
    0x00,
    0x00,
    0x00,
    0x00,
    0x00,
    0x00,
    0x00,
    0x00,
    0x00,
    0x00,
    0x00,
    0x00,
    0x00,
    0x00,
    0x00,
    0x00,
    0x00,
    0x00,
    0x00,
    0x00,
    0x00,
    0x00,
    0x00,
    0x00,
    0x00,
    0x00,
    0x00,
    0x00,
    0x00,
    0x00,
    0x00,
    0x00,
    0x00,
    0x00,
    0x00,
    0x00,
    0x00,
    0x00,
    0x00,
    0x00,
    0x00,
    0x00,
    0x00,
    0x00,
    0x00,
    0x00,
    0x00,
    0x00,
    0x00,
    0x00,
    0x00,
    0x00,
    0x00,
    0xff,
    0xed,
    0xb0,
    0x89,
    0x8a,
    0x97,
    0xc5,
    0xfd,
    0x00,
    0x00,
    0x00,
    0x00,
    0x00,
    0x00,
    0x00,
    0x00,
    0x00,
    0x00,
    0x00,
    0x00,
    0x00,
    0x00,
    0x00,
    0x00,
    0x00,
    0x00,
    0x00,
    0x00,
    0x00,
    0x00,
    0x00,
    0xe1,
    0x8b,
    0x87,
    0x87,
    0x8b,
    0x84,
    0x83,
    0x84,
    0x8b,
    0x92,
    0x9a,
    0x9a,
    0xf4,
    0x00,
    0x00,
    0x00,
    0x00,
    0x00,
    0x00,
    0x00,
    0x00,
    0x00,
    0x00,
    0x00,
    0x00,
    0x00,
    0x00,
    0x00,
    0x00,
    0x00,
    0x00,
    0x00,
    0x00,
    0x00,
    0x00,
    0x00,
    0x00,
    0x00,
    0x00,
    0x00,
    0x00,
    0x00,
    0x00,
    0x00,
    0x00,
    0x00,
    0x00,
    0x00,
    0x00,
    0x00,
    0x00,
    0x00,
    0x00,
    0x00,
    0x00,
    0x00,
    0x00,
    0x00,
    0x00,
    0x00,
    0x00,
    0x00,
    0x00,
    0x00,
    0x00,
    0x00,
    0x00,
    0x00,
    0x00,
    0x00,
    0x00,
    0x00,
    0x00,
    0x00,
    0x00,
    0x00,
    0x00,
    0x00,
    0xfd,
    0x69,
    0x46,
    0x8f,
    0x8f,
    0x8f,
    0x87,
    0x7e,
    0x3d,
    0x18,
    0x37,
    0x67,
    0x9e,
    0x00,
    0x00,
    0x00,
    0x00,
    0xfa,
    0x81,
    0x8f,
    0x8f,
    0x8b,
    0x83,
    0x84,
    0x84,
    0xa3,
    0xfb,
    0x00,
    0x00,
    0x00,
    0x00,
    0x00,
    0xfd,
    0xaf,
    0xa3,
    0x9a,
    0x8f,
    0x8f,
    0x93,
    0x9a,
    0x9c,
    0x9a,
    0x98,
    0x98,
    0x98,
    0x98,
    0x98,
    0x93,
    0x93,
    0x9a,
    0xda,
    0x00,
    0x00,
    0x00,
    0x00,
    0x00,
    0x00,
    0x00,
    0x00,
    0x00,
    0x00,
    0x00,
    0x00,
    0x00,
    0x00,
    0x00,
    0x00,
    0x00,
    0x00,
    0xe1,
    0x7f,
    0x5a,
    0x57,
    0x97,
    0xfa,
    0xdc,
    0x93,
    0x93,
    0x90,
    0xbf,
    0xff,
    0x00,
    0x00,
    0x00,
    0x00,
    0x00,
    0x00,
    0x00,
    0x00,
    0x00,
    0x00,
    0x00,
    0x00,
    0x00,
    0x00,
    0x00,
    0x00,
    0x00,
    0x00,
    0x00,
    0x00,
    0x00,
    0x00,
    0x00,
    0x00,
    0x00,
    0x00,
    0x00,
    0x00,
    0x00,
    0x00,
    0x00,
    0x00,
    0x00,
    0x00,
    0x00,
    0x00,
    0x00,
    0x00,
    0x00,
    0x00,
    0x00,
    0x00,
    0x00,
    0x00,
    0x00,
    0x00,
    0x00,
    0x00,
    0x00,
    0x00,
    0x00,
    0x00,
    0x00,
    0x00,
    0x00,
    0x00,
    0x00,
    0x00,
    0x00,
    0x00,
    0x00,
    0x00,
    0x00,
    0x00,
    0x00,
    0x00,
    0x00,
    0x00,
    0x00,
    0x00,
    0x00,
    0x00,
    0x00,
    0x00,
    0x00,
    0x00,
    0x00,
    0x00,
    0x00,
    0x00,
    0x00,
    0x00,
    0x00,
    0x00,
    0x00,
    0x00,
    0x00,
    0x00,
    0x00,
    0x00,
    0x00,
    0x00,
    0x00,
    0x00,
    0x00,
    0x00,
    0x00,
    0x00,
    0x00,
    0x00,
    0x00,
    0x00,
    0x00,
    0x00,
    0x00,
    0x00,
    0x00,
    0x00,
    0x00,
    0x00,
    0xc5,
    0x78,
    0x67,
    0x50,
    0x3e,
    0x3e,
    0x67,
    0x8f,
    0xf4,
    0xfa,
    0xc5,
    0x93,
    0x93,
    0xa3,
    0xc2,
    0xee,
    0xff,
    0x00,
    0x00,
    0x00,
    0x00,
    0x00,
    0x00,
    0x00,
    0x00,
    0x00,
    0x00,
    0x00,
    0x00,
    0x00,
    0x00,
    0xfd,
    0x9c,
    0x84,
    0x83,
    0x83,
    0x83,
    0x8b,
    0x8f,
    0x98,
    0x9a,
    0xa0,
    0xb7,
    0xff,
    0x00,
    0x00,
    0x00,
    0x00,
    0x00,
    0x00,
    0x00,
    0x00,
    0x00,
    0x00,
    0x00,
    0x00,
    0x00,
    0x00,
    0x00,
    0x00,
    0x00,
    0x00,
    0x00,
    0x00,
    0x00,
    0x00,
    0x00,
    0x00,
    0x00,
    0x00,
    0x00,
    0x00,
    0x00,
    0x00,
    0x00,
    0x00,
    0x00,
    0x00,
    0x00,
    0x00,
    0x00,
    0x00,
    0x00,
    0x00,
    0x00,
    0x00,
    0x00,
    0x00,
    0x00,
    0x00,
    0x00,
    0x00,
    0x00,
    0x00,
    0x00,
    0x00,
    0x00,
    0x00,
    0x00,
    0x00,
    0x00,
    0x00,
    0x00,
    0x00,
    0x00,
    0x00,
    0x00,
    0x00,
    0x00,
    0xfd,
    0x9e,
    0x82,
    0x93,
    0x93,
    0x8f,
    0x8b,
    0x8b,
    0x78,
    0x5e,
    0x72,
    0x7e,
    0x93,
    0xff,
    0x00,
    0x00,
    0x00,
    0xff,
    0xcf,
    0x9a,
    0x98,
    0x8f,
    0x87,
    0x8b,
    0x87,
    0xda,
    0x00,
    0x00,
    0x00,
    0x00,
    0x00,
    0x00,
    0x00,
    0xdd,
    0xa3,
    0x9c,
    0x92,
    0x8f,
    0x92,
    0x93,
    0x9a,
    0xa3,
    0xa4,
    0xa0,
    0x9a,
    0x9b,
    0x9b,
    0x9b,
    0xa0,
    0xc6,
    0xff,
    0x00,
    0x00,
    0x00,
    0x00,
    0x00,
    0x00,
    0x00,
    0x00,
    0x00,
    0x00,
    0x00,
    0x00,
    0x00,
    0x00,
    0x00,
    0x00,
    0x00,
    0xfa,
    0x82,
    0x63,
    0x30,
    0x11,
    0x37,
    0x97,
    0x84,
    0x87,
    0x84,
    0x63,
    0x0b,
    0x65,
    0x00,
    0x00,
    0x00,
    0x00,
    0x00,
    0x00,
    0x00,
    0x00,
    0x00,
    0x00,
    0x00,
    0x00,
    0x00,
    0x00,
    0x00,
    0x00,
    0x00,
    0x00,
    0x00,
    0x00,
    0x00,
    0x00,
    0x00,
    0x00,
    0x00,
    0x00,
    0x00,
    0x00,
    0x00,
    0x00,
    0x00,
    0x00,
    0x00,
    0x00,
    0x00,
    0x00,
    0x00,
    0x00,
    0x00,
    0x00,
    0x00,
    0x00,
    0x00,
    0x00,
    0x00,
    0x00,
    0x00,
    0x00,
    0x00,
    0x00,
    0x00,
    0x00,
    0x00,
    0x00,
    0x00,
    0x00,
    0x00,
    0x00,
    0x00,
    0x00,
    0x00,
    0xf4,
    0xcc,
    0xa9,
    0xfc,
    0x00,
    0x00,
    0x00,
    0x00,
    0x00,
    0x00,
    0x00,
    0x00,
    0x00,
    0x00,
    0x00,
    0x00,
    0x00,
    0x00,
    0x00,
    0x00,
    0x00,
    0x00,
    0x00,
    0x00,
    0x00,
    0x00,
    0x00,
    0x00,
    0x00,
    0x00,
    0x00,
    0x00,
    0x00,
    0x00,
    0x00,
    0x00,
    0x00,
    0x00,
    0x00,
    0x00,
    0x00,
    0x00,
    0x00,
    0x00,
    0x00,
    0x00,
    0x00,
    0x00,
    0xf2,
    0x8f,
    0x7e,
    0x63,
    0x46,
    0x1d,
    0x10,
    0x22,
    0x75,
    0xb4,
    0xb4,
    0x84,
    0x84,
    0x84,
    0x87,
    0x7e,
    0x68,
    0xa6,
    0xff,
    0x00,
    0x00,
    0x00,
    0x00,
    0x00,
    0x00,
    0x00,
    0x00,
    0x00,
    0x00,
    0x00,
    0x00,
    0x00,
    0x00,
    0xed,
    0x92,
    0x87,
    0x8b,
    0x87,
    0x93,
    0x9a,
    0x9c,
    0xac,
    0xac,
    0xf0,
    0x00,
    0x00,
    0x00,
    0x00,
    0x00,
    0x00,
    0x00,
    0x00,
    0x00,
    0x00,
    0x00,
    0x00,
    0x00,
    0x00,
    0x00,
    0x00,
    0x00,
    0x00,
    0x00,
    0x00,
    0x00,
    0x00,
    0x00,
    0x00,
    0x00,
    0x00,
    0x00,
    0x00,
    0x00,
    0x00,
    0x00,
    0x00,
    0x00,
    0x00,
    0x00,
    0x00,
    0x00,
    0x00,
    0x00,
    0x00,
    0x00,
    0x00,
    0x00,
    0x00,
    0x00,
    0x00,
    0x00,
    0x00,
    0x00,
    0x00,
    0x00,
    0x00,
    0x00,
    0x00,
    0x00,
    0x00,
    0x00,
    0x00,
    0x00,
    0x00,
    0x00,
    0x00,
    0x00,
    0x00,
    0x00,
    0x00,
    0xff,
    0xbe,
    0x9a,
    0x93,
    0x92,
    0x84,
    0x83,
    0x83,
    0x84,
    0x8b,
    0x87,
    0x8b,
    0xb0,
    0x00,
    0x00,
    0x00,
    0x00,
    0x00,
    0xfa,
    0xbe,
    0xac,
    0x9c,
    0x93,
    0x93,
    0xbc,
    0xfd,
    0x00,
    0x00,
    0x00,
    0x00,
    0x00,
    0x00,
    0x00,
    0xfd,
    0xaf,
    0x9c,
    0x92,
    0x93,
    0x92,
    0x9b,
    0x9a,
    0xa4,
    0xac,
    0xa5,
    0xac,
    0xa4,
    0xa4,
    0xa5,
    0xd0,
    0xff,
    0x00,
    0x00,
    0x00,
    0x00,
    0x00,
    0x00,
    0x00,
    0x00,
    0x00,
    0x00,
    0x00,
    0x00,
    0x00,
    0x00,
    0x00,
    0x00,
    0x00,
    0x00,
    0xed,
    0x8f,
    0x7e,
    0x5c,
    0x50,
    0x72,
    0x87,
    0x8b,
    0x8f,
    0x8b,
    0x7e,
    0x18,
    0x41,
    0xff,
    0x00,
    0x00,
    0x00,
    0x00,
    0x00,
    0x00,
    0x00,
    0x00,
    0x00,
    0x00,
    0x00,
    0x00,
    0x00,
    0x00,
    0x00,
    0x00,
    0x00,
    0x00,
    0x00,
    0x00,
    0x00,
    0x00,
    0x00,
    0x00,
    0x00,
    0x00,
    0x00,
    0x00,
    0x00,
    0x00,
    0x00,
    0x00,
    0x00,
    0x00,
    0x00,
    0x00,
    0x00,
    0x00,
    0x00,
    0x00,
    0x00,
    0x00,
    0x00,
    0x00,
    0x00,
    0x00,
    0x00,
    0x00,
    0x00,
    0x00,
    0x00,
    0x00,
    0x00,
    0x00,
    0x00,
    0x00,
    0x00,
    0x00,
    0xfd,
    0xaa,
    0x87,
    0x34,
    0x06,
    0x4d,
    0xff,
    0x00,
    0x00,
    0x00,
    0x00,
    0x00,
    0x00,
    0x00,
    0x00,
    0x00,
    0x00,
    0x00,
    0x00,
    0x00,
    0x00,
    0xff,
    0xed,
    0xb0,
    0x89,
    0x8a,
    0x97,
    0xc5,
    0xfd,
    0x00,
    0x00,
    0x00,
    0x00,
    0x00,
    0x00,
    0x00,
    0x00,
    0x00,
    0x00,
    0x00,
    0x00,
    0x00,
    0x00,
    0x00,
    0x00,
    0x00,
    0x00,
    0x00,
    0x00,
    0x00,
    0xda,
    0x8b,
    0x87,
    0x78,
    0x57,
    0x3d,
    0x25,
    0x2e,
    0x63,
    0x87,
    0x8b,
    0x84,
    0x84,
    0x84,
    0x87,
    0x63,
    0x18,
    0x09,
    0x95,
    0x00,
    0x00,
    0x00,
    0x00,
    0x00,
    0x00,
    0x00,
    0x00,
    0x00,
    0x00,
    0x00,
    0x00,
    0x00,
    0x00,
    0x00,
    0xdf,
    0x9c,
    0x9a,
    0x93,
    0x8f,
    0x93,
    0xac,
    0xb2,
    0xd3,
    0xff,
    0x00,
    0x00,
    0x00,
    0x00,
    0x00,
    0x00,
    0x00,
    0x00,
    0x00,
    0x00,
    0x00,
    0x00,
    0x00,
    0x00,
    0x00,
    0x00,
    0x00,
    0x00,
    0x00,
    0x00,
    0x00,
    0x00,
    0x00,
    0x00,
    0x00,
    0x00,
    0x00,
    0x00,
    0x00,
    0x00,
    0x00,
    0x00,
    0x00,
    0x00,
    0x00,
    0x00,
    0x00,
    0x00,
    0x00,
    0x00,
    0x00,
    0x00,
    0x00,
    0x00,
    0x00,
    0x00,
    0x00,
    0x00,
    0x00,
    0x00,
    0x00,
    0x00,
    0x00,
    0x00,
    0x00,
    0x00,
    0x00,
    0x00,
    0x00,
    0x00,
    0x00,
    0x00,
    0x00,
    0x00,
    0x00,
    0x00,
    0x00,
    0xdf,
    0xac,
    0x9b,
    0x9a,
    0x8f,
    0x8f,
    0x83,
    0x83,
    0x83,
    0x84,
    0x8b,
    0xe1,
    0x00,
    0x00,
    0x00,
    0x00,
    0x00,
    0x00,
    0xf7,
    0xca,
    0xac,
    0x98,
    0xc2,
    0xfb,
    0x00,
    0x00,
    0x00,
    0x00,
    0x00,
    0x00,
    0x00,
    0x00,
    0x00,
    0xeb,
    0xa4,
    0xa0,
    0x9b,
    0xa0,
    0xa4,
    0xac,
    0xac,
    0xaf,
    0xb2,
    0xac,
    0xac,
    0xba,
    0xe7,
    0xff,
    0x00,
    0x00,
    0x00,
    0x00,
    0x00,
    0x00,
    0x00,
    0x00,
    0x00,
    0x00,
    0x00,
    0x00,
    0x00,
    0x00,
    0x00,
    0x00,
    0x00,
    0x00,
    0x00,
    0xf7,
    0x8f,
    0x84,
    0x87,
    0x87,
    0x8b,
    0x84,
    0x8b,
    0x8f,
    0x93,
    0x8f,
    0x46,
    0x8d,
    0x00,
    0x00,
    0x00,
    0x00,
    0x00,
    0x00,
    0x00,
    0x00,
    0x00,
    0x00,
    0x00,
    0x00,
    0x00,
    0x00,
    0x00,
    0x00,
    0x00,
    0x00,
    0x00,
    0x00,
    0x00,
    0x00,
    0x00,
    0x00,
    0x00,
    0x00,
    0x00,
    0x00,
    0x00,
    0x00,
    0x00,
    0x00,
    0x00,
    0x00,
    0x00,
    0x00,
    0x00,
    0x00,
    0x00,
    0x00,
    0x00,
    0x00,
    0x00,
    0x00,
    0x00,
    0x00,
    0x00,
    0x00,
    0x00,
    0x00,
    0x00,
    0x00,
    0x00,
    0x00,
    0x00,
    0x00,
    0x00,
    0x00,
    0x00,
    0xc2,
    0x84,
    0x8b,
    0x78,
    0x44,
    0x39,
    0xe9,
    0x00,
    0x00,
    0x00,
    0x00,
    0x00,
    0x00,
    0x00,
    0x00,
    0x00,
    0x00,
    0x00,
    0x00,
    0x00,
    0x00,
    0xc5,
    0x78,
    0x67,
    0x50,
    0x3e,
    0x3e,
    0x67,
    0x8f,
    0xf4,
    0xfa,
    0xc5,
    0x93,
    0x93,
    0xa3,
    0xc2,
    0xee,
    0xff,
    0x00,
    0x00,
    0x00,
    0x00,
    0x00,
    0x00,
    0x00,
    0x00,
    0x00,
    0x00,
    0x00,
    0x00,
    0xd4,
    0x8f,
    0x8b,
    0x87,
    0x72,
    0x5a,
    0x57,
    0x68,
    0x7e,
    0x87,
    0x8b,
    0x8b,
    0x8b,
    0x8b,
    0x8b,
    0x72,
    0x1b,
    0x01,
    0x59,
    0xff,
    0x00,
    0x00,
    0x00,
    0x00,
    0x00,
    0x00,
    0x00,
    0x00,
    0x00,
    0x00,
    0x00,
    0x00,
    0x00,
    0x00,
    0x00,
    0xee,
    0xbc,
    0x9c,
    0x98,
    0xa0,
    0xb2,
    0xcf,
    0xfe,
    0x00,
    0x00,
    0x00,
    0x00,
    0x00,
    0x00,
    0x00,
    0x00,
    0x00,
    0x00,
    0x00,
    0x00,
    0x00,
    0x00,
    0x00,
    0x00,
    0x00,
    0x00,
    0x00,
    0x00,
    0x00,
    0x00,
    0x00,
    0x00,
    0x00,
    0x00,
    0x00,
    0x00,
    0x00,
    0x00,
    0x00,
    0x00,
    0x00,
    0x00,
    0x00,
    0x00,
    0x00,
    0x00,
    0x00,
    0x00,
    0x00,
    0x00,
    0x00,
    0x00,
    0x00,
    0x00,
    0x00,
    0x00,
    0x00,
    0x00,
    0x00,
    0x00,
    0x00,
    0x00,
    0x00,
    0x00,
    0x00,
    0x00,
    0x00,
    0x00,
    0x00,
    0x00,
    0x00,
    0x00,
    0x00,
    0x00,
    0x00,
    0x00,
    0xfe,
    0xc3,
    0xac,
    0xa5,
    0x9c,
    0x93,
    0x8f,
    0x8b,
    0x8f,
    0x8f,
    0xcd,
    0xfe,
    0x00,
    0x00,
    0x00,
    0x00,
    0x00,
    0x00,
    0x00,
    0xfe,
    0xeb,
    0xeb,
    0xff,
    0x00,
    0x00,
    0x00,
    0x00,
    0x00,
    0x00,
    0x00,
    0x00,
    0x00,
    0x00,
    0xff,
    0xd0,
    0xac,
    0xb2,
    0xb2,
    0xb2,
    0xba,
    0xba,
    0xba,
    0xb2,
    0xbe,
    0xdd,
    0xfb,
    0x00,
    0x00,
    0x00,
    0x00,
    0x00,
    0x00,
    0x00,
    0x00,
    0x00,
    0x00,
    0x00,
    0x00,
    0x00,
    0x00,
    0x00,
    0x00,
    0x00,
    0x00,
    0x00,
    0x00,
    0x00,
    0xff,
    0x97,
    0x84,
    0x83,
    0x83,
    0x83,
    0x83,
    0x84,
    0x8b,
    0x93,
    0x93,
    0x93,
    0xdc,
    0x00,
    0x00,
    0x00,
    0x00,
    0x00,
    0x00,
    0x00,
    0x00,
    0x00,
    0x00,
    0x00,
    0x00,
    0x00,
    0x00,
    0x00,
    0x00,
    0x00,
    0x00,
    0x00,
    0x00,
    0x00,
    0x00,
    0x00,
    0x00,
    0x00,
    0x00,
    0x00,
    0x00,
    0x00,
    0x00,
    0x00,
    0x00,
    0x00,
    0x00,
    0x00,
    0x00,
    0x00,
    0x00,
    0x00,
    0x00,
    0x00,
    0xff,
    0xfd,
    0xfe,
    0x00,
    0x00,
    0x00,
    0x00,
    0x00,
    0x00,
    0x00,
    0x00,
    0x00,
    0x00,
    0x00,
    0x00,
    0xfa,
    0xe1,
    0xed,
    0x9e,
    0x84,
    0x8b,
    0x92,
    0x82,
    0x7a,
    0xc6,
    0x00,
    0x00,
    0x00,
    0x00,
    0x00,
    0x00,
    0x00,
    0x00,
    0x00,
    0x00,
    0x00,
    0x00,
    0x00,
    0xf2,
    0x8f,
    0x7e,
    0x63,
    0x46,
    0x1d,
    0x10,
    0x22,
    0x75,
    0xb4,
    0xb4,
    0x84,
    0x84,
    0x84,
    0x87,
    0x7e,
    0x68,
    0xa6,
    0xff,
    0x00,
    0x00,
    0x00,
    0x00,
    0x00,
    0x00,
    0x00,
    0x00,
    0x00,
    0x00,
    0x00,
    0xdf,
    0x8b,
    0x84,
    0x8b,
    0x8b,
    0x7e,
    0x87,
    0x87,
    0x87,
    0x8b,
    0x8f,
    0x8f,
    0x8f,
    0x8f,
    0x92,
    0x7e,
    0x3d,
    0x08,
    0x74,
    0xfe,
    0x00,
    0x00,
    0x00,
    0x00,
    0x00,
    0x00,
    0x00,
    0x00,
    0x00,
    0x00,
    0x00,
    0x00,
    0x00,
    0x00,
    0x00,
    0x00,
    0xfd,
    0xed,
    0xc6,
    0xba,
    0xda,
    0xfd,
    0x00,
    0x00,
    0x00,
    0x00,
    0x00,
    0x00,
    0x00,
    0x00,
    0x00,
    0x00,
    0x00,
    0x00,
    0x00,
    0x00,
    0x00,
    0xfe,
    0xf2,
    0xed,
    0xfe,
    0xfd,
    0xee,
    0xf2,
    0xfe,
    0x00,
    0x00,
    0x00,
    0x00,
    0x00,
    0x00,
    0x00,
    0x00,
    0x00,
    0x00,
    0x00,
    0x00,
    0xf4,
    0xe1,
    0xe0,
    0xf8,
    0x00,
    0x00,
    0x00,
    0x00,
    0x00,
    0x00,
    0x00,
    0x00,
    0x00,
    0x00,
    0x00,
    0x00,
    0x00,
    0x00,
    0x00,
    0x00,
    0x00,
    0x00,
    0x00,
    0x00,
    0x00,
    0x00,
    0x00,
    0x00,
    0x00,
    0x00,
    0x00,
    0x00,
    0x00,
    0x00,
    0x00,
    0xf7,
    0xbe,
    0xb2,
    0x9b,
    0x92,
    0x93,
    0x9a,
    0x9a,
    0xcd,
    0xfd,
    0x00,
    0x00,
    0x00,
    0x00,
    0x00,
    0x00,
    0x00,
    0x00,
    0x00,
    0x00,
    0x00,
    0x00,
    0x00,
    0x00,
    0x00,
    0x00,
    0x00,
    0x00,
    0x00,
    0x00,
    0x00,
    0x00,
    0x00,
    0xfb,
    0xcf,
    0xba,
    0xba,
    0xbe,
    0xbe,
    0xca,
    0xda,
    0xf1,
    0xfb,
    0x00,
    0x00,
    0x00,
    0x00,
    0x00,
    0x00,
    0x00,
    0x00,
    0x00,
    0x00,
    0x00,
    0x00,
    0x00,
    0x00,
    0x00,
    0x00,
    0x00,
    0x00,
    0x00,
    0x00,
    0x00,
    0x00,
    0x00,
    0x00,
    0xdc,
    0x8f,
    0x8b,
    0x84,
    0x8b,
    0x8f,
    0x8f,
    0x93,
    0x98,
    0x9a,
    0xac,
    0xfa,
    0x00,
    0x00,
    0x00,
    0x00,
    0x00,
    0x00,
    0x00,
    0x00,
    0x00,
    0x00,
    0x00,
    0x00,
    0x00,
    0x00,
    0x00,
    0x00,
    0x00,
    0x00,
    0x00,
    0x00,
    0x00,
    0x00,
    0x00,
    0x00,
    0x00,
    0x00,
    0x00,
    0x00,
    0x00,
    0x00,
    0x00,
    0x00,
    0x00,
    0x00,
    0x00,
    0x00,
    0x00,
    0x00,
    0x00,
    0xff,
    0xdf,
    0xaa,
    0x89,
    0x3f,
    0x55,
    0xff,
    0x00,
    0x00,
    0x00,
    0x00,
    0x00,
    0x00,
    0x00,
    0x00,
    0x00,
    0xe0,
    0x6c,
    0x37,
    0x63,
    0x87,
    0x8f,
    0x8f,
    0x93,
    0x93,
    0x98,
    0xb7,
    0xfe,
    0x00,
    0x00,
    0x00,
    0x00,
    0x00,
    0x00,
    0x00,
    0x00,
    0x00,
    0x00,
    0x00,
    0x00,
    0xda,
    0x8b,
    0x87,
    0x78,
    0x57,
    0x3d,
    0x25,
    0x2e,
    0x63,
    0x87,
    0x8b,
    0x84,
    0x84,
    0x84,
    0x87,
    0x63,
    0x18,
    0x09,
    0x95,
    0x00,
    0x00,
    0x00,
    0x00,
    0x00,
    0x00,
    0x00,
    0x00,
    0x00,
    0x00,
    0x00,
    0xf2,
    0x8f,
    0x84,
    0x83,
    0x84,
    0x8b,
    0x84,
    0x84,
    0x84,
    0x84,
    0x84,
    0x8f,
    0x93,
    0x93,
    0x93,
    0x87,
    0x4c,
    0x2d,
    0xa1,
    0x00,
    0x00,
    0x00,
    0x00,
    0x00,
    0x00,
    0x00,
    0x00,
    0x00,
    0x00,
    0x00,
    0x00,
    0x00,
    0x00,
    0x00,
    0x00,
    0x00,
    0x00,
    0x00,
    0xfe,
    0xfa,
    0xfe,
    0x00,
    0x00,
    0x00,
    0x00,
    0x00,
    0x00,
    0x00,
    0x00,
    0x00,
    0x00,
    0x00,
    0x00,
    0x00,
    0x00,
    0x00,
    0xfe,
    0xbb,
    0x58,
    0x2b,
    0x9f,
    0xb4,
    0x8f,
    0x73,
    0x36,
    0xf9,
    0x00,
    0x00,
    0x00,
    0x00,
    0x00,
    0xff,
    0xf4,
    0xe9,
    0xf2,
    0xff,
    0xd0,
    0x93,
    0x87,
    0x5c,
    0x1a,
    0xc7,
    0x00,
    0x00,
    0x00,
    0x00,
    0x00,
    0x00,
    0x00,
    0x00,
    0x00,
    0x00,
    0x00,
    0x00,
    0x00,
    0x00,
    0x00,
    0x00,
    0x00,
    0x00,
    0x00,
    0x00,
    0x00,
    0x00,
    0x00,
    0x00,
    0x00,
    0x00,
    0x00,
    0x00,
    0x00,
    0x00,
    0x00,
    0xf0,
    0xbe,
    0xac,
    0x98,
    0x9b,
    0xaa,
    0xe4,
    0xfe,
    0x00,
    0x00,
    0x00,
    0x00,
    0x00,
    0x00,
    0x00,
    0x00,
    0x00,
    0x00,
    0x00,
    0x00,
    0x00,
    0x00,
    0x00,
    0x00,
    0x00,
    0x00,
    0x00,
    0x00,
    0x00,
    0x00,
    0x00,
    0x00,
    0x00,
    0xfb,
    0xf0,
    0xf1,
    0xf7,
    0xfb,
    0xfe,
    0x00,
    0x00,
    0x00,
    0x00,
    0x00,
    0x00,
    0x00,
    0x00,
    0x00,
    0x00,
    0x00,
    0x00,
    0x00,
    0x00,
    0x00,
    0x00,
    0x00,
    0x00,
    0x00,
    0x00,
    0x00,
    0x00,
    0x00,
    0x00,
    0x00,
    0x00,
    0x00,
    0xfe,
    0xb4,
    0x98,
    0x93,
    0x8f,
    0x9a,
    0x9a,
    0xa4,
    0xa4,
    0xac,
    0xdd,
    0x00,
    0x00,
    0x00,
    0x00,
    0x00,
    0x00,
    0x00,
    0x00,
    0x00,
    0x00,
    0x00,
    0x00,
    0x00,
    0x00,
    0x00,
    0x00,
    0x00,
    0x00,
    0x00,
    0x00,
    0x00,
    0x00,
    0x00,
    0x00,
    0x00,
    0x00,
    0x00,
    0x00,
    0x00,
    0x00,
    0x00,
    0x00,
    0x00,
    0x00,
    0x00,
    0x00,
    0x00,
    0x00,
    0x00,
    0xfe,
    0xc2,
    0x84,
    0x87,
    0x63,
    0x0f,
    0x06,
    0xb1,
    0x00,
    0x00,
    0x00,
    0x00,
    0x00,
    0x00,
    0x00,
    0x00,
    0xfa,
    0x68,
    0x2e,
    0x16,
    0x50,
    0x87,
    0x84,
    0x8b,
    0x8b,
    0x98,
    0x9b,
    0xbe,
    0xfe,
    0x00,
    0x00,
    0x00,
    0x00,
    0x00,
    0x00,
    0x00,
    0x00,
    0x00,
    0x00,
    0x00,
    0x00,
    0xd4,
    0x8f,
    0x8b,
    0x87,
    0x72,
    0x5a,
    0x57,
    0x68,
    0x7e,
    0x87,
    0x8b,
    0x8b,
    0x8b,
    0x8b,
    0x8b,
    0x72,
    0x1b,
    0x01,
    0x59,
    0x00,
    0x00,
    0x00,
    0x00,
    0x00,
    0x00,
    0x00,
    0x00,
    0x00,
    0x00,
    0x00,
    0xff,
    0x9c,
    0x8b,
    0x83,
    0x83,
    0x83,
    0x83,
    0x83,
    0x83,
    0x83,
    0x84,
    0x84,
    0x8f,
    0x93,
    0x93,
    0x8f,
    0x68,
    0x8a,
    0xdc,
    0x00,
    0x00,
    0x00,
    0x00,
    0x00,
    0x00,
    0x00,
    0x00,
    0x00,
    0x00,
    0x00,
    0x00,
    0x00,
    0x00,
    0x00,
    0x00,
    0x00,
    0x00,
    0x00,
    0x00,
    0x00,
    0x00,
    0x00,
    0x00,
    0x00,
    0x00,
    0x00,
    0x00,
    0x00,
    0x00,
    0x00,
    0x00,
    0x00,
    0x00,
    0x00,
    0x00,
    0x00,
    0xf4,
    0x93,
    0x68,
    0x4c,
    0x78,
    0x8b,
    0x87,
    0x7e,
    0x17,
    0xea,
    0x00,
    0x00,
    0x00,
    0x00,
    0xf7,
    0x96,
    0x57,
    0x3e,
    0x67,
    0xb4,
    0x84,
    0x84,
    0x87,
    0x63,
    0x0f,
    0x42,
    0xfe,
    0x00,
    0x00,
    0x00,
    0x00,
    0x00,
    0x00,
    0x00,
    0x00,
    0x00,
    0x00,
    0x00,
    0x00,
    0x00,
    0x00,
    0x00,
    0x00,
    0x00,
    0x00,
    0x00,
    0x00,
    0x00,
    0x00,
    0x00,
    0x00,
    0x00,
    0x00,
    0x00,
    0x00,
    0x00,
    0x00,
    0x00,
    0xf3,
    0xbe,
    0xb7,
    0xe4,
    0xfd,
    0x00,
    0x00,
    0x00,
    0x00,
    0x00,
    0x00,
    0x00,
    0x00,
    0x00,
    0x00,
    0x00,
    0x00,
    0x00,
    0x00,
    0x00,
    0x00,
    0x00,
    0x00,
    0x00,
    0x00,
    0x00,
    0x00,
    0x00,
    0x00,
    0x00,
    0x00,
    0x00,
    0x00,
    0x00,
    0x00,
    0x00,
    0x00,
    0x00,
    0x00,
    0x00,
    0x00,
    0x00,
    0x00,
    0x00,
    0x00,
    0x00,
    0x00,
    0x00,
    0x00,
    0x00,
    0x00,
    0x00,
    0x00,
    0x00,
    0x00,
    0x00,
    0x00,
    0x00,
    0x00,
    0x00,
    0x00,
    0x00,
    0x00,
    0x00,
    0x00,
    0x00,
    0xfb,
    0xb7,
    0x9c,
    0x92,
    0x92,
    0x9a,
    0xac,
    0xb2,
    0xda,
    0xff,
    0x00,
    0x00,
    0x00,
    0x00,
    0x00,
    0x00,
    0x00,
    0x00,
    0x00,
    0x00,
    0x00,
    0x00,
    0x00,
    0x00,
    0x00,
    0x00,
    0x00,
    0x00,
    0x00,
    0x00,
    0x00,
    0x00,
    0x00,
    0x00,
    0x00,
    0x00,
    0x00,
    0x00,
    0x00,
    0x00,
    0x00,
    0x00,
    0x00,
    0x00,
    0x00,
    0xff,
    0xf2,
    0xdf,
    0xf4,
    0xe9,
    0x84,
    0x83,
    0x87,
    0x87,
    0x57,
    0x12,
    0x6c,
    0xfd,
    0x00,
    0x00,
    0x00,
    0x00,
    0x00,
    0x00,
    0x00,
    0xc5,
    0x72,
    0x5a,
    0x57,
    0x7e,
    0x84,
    0x83,
    0x84,
    0x93,
    0x9a,
    0xac,
    0xca,
    0xff,
    0x00,
    0x00,
    0x00,
    0x00,
    0x00,
    0x00,
    0x00,
    0x00,
    0x00,
    0x00,
    0x00,
    0x00,
    0xdf,
    0x8b,
    0x84,
    0x8b,
    0x8b,
    0x7e,
    0x87,
    0x87,
    0x87,
    0x8b,
    0x8f,
    0x8f,
    0x8f,
    0x8f,
    0x92,
    0x7e,
    0x3d,
    0x08,
    0x74,
    0x00,
    0x00,
    0x00,
    0x00,
    0x00,
    0x00,
    0x00,
    0x00,
    0x00,
    0x00,
    0x00,
    0x00,
    0xd4,
    0x93,
    0x8b,
    0x87,
    0x83,
    0x83,
    0x83,
    0x87,
    0x84,
    0x8b,
    0x87,
    0x8f,
    0x92,
    0x98,
    0x93,
    0x98,
    0x9b,
    0xf7,
    0x00,
    0x00,
    0x00,
    0x00,
    0x00,
    0x00,
    0x00,
    0x00,
    0x00,
    0x00,
    0x00,
    0x00,
    0x00,
    0x00,
    0x00,
    0x00,
    0x00,
    0x00,
    0x00,
    0x00,
    0x00,
    0x00,
    0x00,
    0x00,
    0x00,
    0x00,
    0x00,
    0x00,
    0x00,
    0x00,
    0x00,
    0x00,
    0x00,
    0x00,
    0x00,
    0x00,
    0x00,
    0xfb,
    0xa3,
    0x84,
    0x8b,
    0x83,
    0x8b,
    0x92,
    0x93,
    0x81,
    0xfa,
    0x00,
    0x00,
    0x00,
    0x00,
    0x9e,
    0x63,
    0x37,
    0x18,
    0x3d,
    0x7e,
    0x87,
    0x8f,
    0x8f,
    0x8f,
    0x46,
    0x69,
    0xfd,
    0x00,
    0x00,
    0x00,
    0x00,
    0x00,
    0x00,
    0x00,
    0x00,
    0x00,
    0x00,
    0x00,
    0x00,
    0x00,
    0x00,
    0x00,
    0x00,
    0x00,
    0x00,
    0x00,
    0x00,
    0x00,
    0x00,
    0x00,
    0x00,
    0x00,
    0x00,
    0x00,
    0x00,
    0x00,
    0x00,
    0x00,
    0x00,
    0xff,
    0x00,
    0x00,
    0x00,
    0x00,
    0x00,
    0x00,
    0x00,
    0x00,
    0x00,
    0x00,
    0x00,
    0x00,
    0x00,
    0x00,
    0x00,
    0x00,
    0x00,
    0x00,
    0x00,
    0x00,
    0x00,
    0x00,
    0x00,
    0x00,
    0x00,
    0x00,
    0x00,
    0x00,
    0x00,
    0x00,
    0x00,
    0x00,
    0x00,
    0x00,
    0x00,
    0x00,
    0x00,
    0x00,
    0x00,
    0x00,
    0x00,
    0x00,
    0x00,
    0x00,
    0x00,
    0x00,
    0x00,
    0x00,
    0x00,
    0x00,
    0x00,
    0x00,
    0x00,
    0x00,
    0x00,
    0x00,
    0x00,
    0x00,
    0x00,
    0x00,
    0x00,
    0x00,
    0x00,
    0x00,
    0x00,
    0xfb,
    0xc2,
    0x9b,
    0xa0,
    0xb2,
    0xbe,
    0xe7,
    0xff,
    0x00,
    0x00,
    0x00,
    0x00,
    0x00,
    0x00,
    0x00,
    0x00,
    0x00,
    0x00,
    0x00,
    0x00,
    0x00,
    0x00,
    0x00,
    0x00,
    0x00,
    0x00,
    0x00,
    0x00,
    0x00,
    0x00,
    0x00,
    0x00,
    0x00,
    0x00,
    0x00,
    0x00,
    0x00,
    0x00,
    0x00,
    0x00,
    0x00,
    0x00,
    0x00,
    0xf7,
    0xab,
    0x6e,
    0x5a,
    0x8a,
    0x9e,
    0x84,
    0x8b,
    0x8b,
    0x8f,
    0x87,
    0x50,
    0x7a,
    0xf5,
    0x00,
    0x00,
    0x00,
    0x00,
    0x00,
    0x00,
    0x00,
    0xce,
    0x87,
    0x7e,
    0x87,
    0x87,
    0x83,
    0x83,
    0x93,
    0x9a,
    0xa4,
    0xb2,
    0xda,
    0x00,
    0x00,
    0x00,
    0x00,
    0x00,
    0x00,
    0x00,
    0x00,
    0x00,
    0x00,
    0x00,
    0x00,
    0x00,
    0xf2,
    0x8f,
    0x84,
    0x83,
    0x84,
    0x8b,
    0x84,
    0x84,
    0x84,
    0x84,
    0x84,
    0x8f,
    0x93,
    0x93,
    0x93,
    0x87,
    0x4c,
    0x2d,
    0xab,
    0x00,
    0x00,
    0x00,
    0x00,
    0x00,
    0x00,
    0x00,
    0x00,
    0x00,
    0x00,
    0x00,
    0x00,
    0xf7,
    0xaf,
    0x98,
    0x92,
    0x8f,
    0x8f,
    0x8f,
    0x93,
    0x93,
    0x93,
    0x98,
    0x98,
    0x9b,
    0x9b,
    0x9b,
    0xa0,
    0xd4,
    0x00,
    0x00,
    0x00,
    0x00,
    0x00,
    0x00,
    0x00,
    0x00,
    0x00,
    0x00,
    0x00,
    0x00,
    0x00,
    0x00,
    0x00,
    0x00,
    0x00,
    0x00,
    0x00,
    0x00,
    0x00,
    0x00,
    0x00,
    0x00,
    0x00,
    0x00,
    0x00,
    0x00,
    0x00,
    0x00,
    0x00,
    0x00,
    0x00,
    0x00,
    0x00,
    0x00,
    0x00,
    0x00,
    0x00,
    0xda,
    0x8f,
    0x84,
    0x8f,
    0x8f,
    0x98,
    0x9b,
    0xcd,
    0xff,
    0x00,
    0x00,
    0x00,
    0xff,
    0x93,
    0x7e,
    0x72,
    0x63,
    0x79,
    0x87,
    0x8b,
    0x8f,
    0x93,
    0x93,
    0x82,
    0x9e,
    0xfd,
    0x00,
    0x00,
    0x00,
    0x00,
    0x00,
    0x00,
    0x00,
    0x00,
    0x00,
    0x00,
    0x00,
    0x00,
    0x00,
    0x00,
    0x00,
    0x00,
    0x00,
    0x00,
    0x00,
    0x00,
    0x00,
    0x00,
    0x00,
    0x00,
    0x00,
    0x00,
    0x00,
    0x00,
    0x00,
    0x00,
    0x00,
    0x00,
    0x00,
    0x00,
    0x00,
    0x00,
    0x00,
    0x00,
    0x00,
    0x00,
    0x00,
    0x00,
    0x00,
    0x00,
    0x00,
    0x00,
    0x00,
    0x00,
    0x00,
    0x00,
    0x00,
    0x00,
    0x00,
    0x00,
    0x00,
    0x00,
    0x00,
    0x00,
    0x00,
    0x00,
    0x00,
    0x00,
    0x00,
    0x00,
    0x00,
    0x00,
    0x00,
    0x00,
    0x00,
    0x00,
    0x00,
    0x00,
    0x00,
    0x00,
    0x00,
    0x00,
    0x00,
    0x00,
    0x00,
    0x00,
    0x00,
    0x00,
    0x00,
    0x00,
    0x00,
    0x00,
    0x00,
    0x00,
    0x00,
    0x00,
    0x00,
    0x00,
    0x00,
    0x00,
    0x00,
    0x00,
    0x00,
    0x00,
    0x00,
    0xfe,
    0xdc,
    0xc3,
    0xd8,
    0xf7,
    0x00,
    0x00,
    0x00,
    0x00,
    0x00,
    0x00,
    0x00,
    0x00,
    0x00,
    0x00,
    0x00,
    0x00,
    0x00,
    0x00,
    0x00,
    0x00,
    0x00,
    0x00,
    0x00,
    0x00,
    0x00,
    0x00,
    0x00,
    0x00,
    0x00,
    0x00,
    0x00,
    0x00,
    0x00,
    0x00,
    0x00,
    0x00,
    0x00,
    0x00,
    0x00,
    0x00,
    0xf2,
    0x7a,
    0x4c,
    0x18,
    0x0f,
    0x4c,
    0x7e,
    0x8b,
    0x8f,
    0x93,
    0x93,
    0x93,
    0x8f,
    0x9b,
    0xed,
    0x00,
    0x00,
    0x00,
    0x00,
    0x00,
    0x00,
    0x00,
    0xfd,
    0xa3,
    0x8b,
    0x83,
    0x83,
    0x83,
    0x8f,
    0x93,
    0x93,
    0xa4,
    0xba,
    0xf7,
    0x00,
    0x00,
    0x00,
    0x00,
    0x00,
    0x00,
    0x00,
    0x00,
    0x00,
    0x00,
    0x00,
    0x00,
    0x00,
    0xff,
    0x9c,
    0x8b,
    0x83,
    0x83,
    0x83,
    0x83,
    0x83,
    0x83,
    0x83,
    0x84,
    0x84,
    0x8f,
    0x93,
    0x93,
    0x8f,
    0x72,
    0x81,
    0xdc,
    0x00,
    0x00,
    0x00,
    0x00,
    0x00,
    0x00,
    0x00,
    0x00,
    0x00,
    0x00,
    0x00,
    0x00,
    0x00,
    0xdf,
    0x9c,
    0x9a,
    0x93,
    0x93,
    0x8f,
    0x98,
    0x9a,
    0x9c,
    0x9c,
    0xa4,
    0xa0,
    0xa4,
    0xa4,
    0xb7,
    0xfd,
    0x00,
    0x00,
    0x00,
    0x00,
    0x00,
    0x00,
    0x00,
    0x00,
    0x00,
    0x00,
    0x00,
    0x00,
    0x00,
    0x00,
    0x00,
    0x00,
    0x00,
    0x00,
    0x00,
    0x00,
    0x00,
    0x00,
    0x00,
    0x00,
    0x00,
    0x00,
    0x00,
    0x00,
    0x00,
    0x00,
    0x00,
    0x00,
    0x00,
    0x00,
    0x00,
    0x00,
    0x00,
    0x00,
    0x00,
    0xfd,
    0xbc,
    0x93,
    0x93,
    0x9a,
    0xac,
    0xbe,
    0xfa,
    0x00,
    0x00,
    0x00,
    0x00,
    0x00,
    0xb0,
    0x8b,
    0x87,
    0x8b,
    0x87,
    0x83,
    0x83,
    0x84,
    0x92,
    0x93,
    0x9b,
    0xc3,
    0xff,
    0x00,
    0x00,
    0x00,
    0x00,
    0x00,
    0x00,
    0x00,
    0x00,
    0x00,
    0x00,
    0x00,
    0x00,
    0x00,
    0x00,
    0x00,
    0x00,
    0x00,
    0x00,
    0x00,
    0x00,
    0x00,
    0x00,
    0x00,
    0x00,
    0x00,
    0x00,
    0x00,
    0x00,
    0x00,
    0x00,
    0x00,
    0x00,
    0x00,
    0xfe,
    0xfd,
    0xfe,
    0x00,
    0x00,
    0x00,
    0x00,
    0x00,
    0x00,
    0x00,
    0x00,
    0x00,
    0x00,
    0x00,
    0x00,
    0x00,
    0x00,
    0x00,
    0x00,
    0x00,
    0x00,
    0x00,
    0x00,
    0x00,
    0x00,
    0x00,
    0x00,
    0x00,
    0x00,
    0x00,
    0x00,
    0x00,
    0x00,
    0x00,
    0x00,
    0x00,
    0x00,
    0x00,
    0x00,
    0x00,
    0x00,
    0x00,
    0x00,
    0x00,
    0x00,
    0x00,
    0x00,
    0x00,
    0x00,
    0x00,
    0x00,
    0x00,
    0x00,
    0x00,
    0x00,
    0x00,
    0x00,
    0x00,
    0x00,
    0x00,
    0x00,
    0x00,
    0x00,
    0x00,
    0x00,
    0x00,
    0x00,
    0x00,
    0xfd,
    0x00,
    0x00,
    0x00,
    0x00,
    0x00,
    0x00,
    0x00,
    0x00,
    0x00,
    0x00,
    0x00,
    0x00,
    0x00,
    0x00,
    0x00,
    0x00,
    0x00,
    0x00,
    0x00,
    0x00,
    0x00,
    0x00,
    0x00,
    0x00,
    0x00,
    0x00,
    0x00,
    0x00,
    0x00,
    0x00,
    0x00,
    0x00,
    0x00,
    0x00,
    0x00,
    0x00,
    0x00,
    0x00,
    0xb0,
    0x72,
    0x57,
    0x3e,
    0x3d,
    0x72,
    0x8b,
    0x87,
    0x8b,
    0x87,
    0x92,
    0x93,
    0x98,
    0xa0,
    0xf1,
    0x00,
    0x00,
    0x00,
    0x00,
    0x00,
    0x00,
    0x00,
    0x00,
    0xfb,
    0xb4,
    0x92,
    0x8f,
    0x92,
    0x93,
    0x8f,
    0x98,
    0xac,
    0xcf,
    0xff,
    0x00,
    0x00,
    0x00,
    0x00,
    0x00,
    0x00,
    0x00,
    0x00,
    0x00,
    0x00,
    0x00,
    0x00,
    0x00,
    0x00,
    0xd4,
    0x93,
    0x8b,
    0x87,
    0x83,
    0x83,
    0x83,
    0x87,
    0x84,
    0x8b,
    0x87,
    0x8f,
    0x92,
    0x98,
    0x93,
    0x98,
    0x9b,
    0xf7,
    0x00,
    0x00,
    0x00,
    0x00,
    0x00,
    0x00,
    0x00,
    0x00,
    0x00,
    0x00,
    0x00,
    0x00,
    0x00,
    0xfe,
    0xc2,
    0xa3,
    0x9c,
    0x93,
    0x8f,
    0x92,
    0x93,
    0x9a,
    0xa5,
    0xac,
    0xac,
    0xac,
    0xba,
    0xf2,
    0x00,
    0x00,
    0x00,
    0x00,
    0x00,
    0x00,
    0x00,
    0x00,
    0x00,
    0x00,
    0x00,
    0x00,
    0x00,
    0x00,
    0x00,
    0x00,
    0x00,
    0x00,
    0x00,
    0x00,
    0x00,
    0x00,
    0x00,
    0x00,
    0x00,
    0x00,
    0x00,
    0x00,
    0x00,
    0x00,
    0x00,
    0x00,
    0x00,
    0x00,
    0x00,
    0x00,
    0x00,
    0x00,
    0x00,
    0x00,
    0x00,
    0xfb,
    0xc2,
    0x98,
    0xac,
    0xca,
    0xf7,
    0x00,
    0x00,
    0x00,
    0x00,
    0x00,
    0x00,
    0xe1,
    0x8b,
    0x83,
    0x83,
    0x83,
    0x83,
    0x8f,
    0x8f,
    0x9b,
    0x9a,
    0xac,
    0xdf,
    0x00,
    0x00,
    0x00,
    0x00,
    0x00,
    0x00,
    0x00,
    0x00,
    0x00,
    0x00,
    0x00,
    0x00,
    0x00,
    0x00,
    0x00,
    0x00,
    0x00,
    0x00,
    0x00,
    0x00,
    0x00,
    0x00,
    0x00,
    0x00,
    0x00,
    0x00,
    0x00,
    0x00,
    0x00,
    0x00,
    0xff,
    0xe9,
    0xbd,
    0x9a,
    0x8f,
    0x87,
    0x8f,
    0x97,
    0xbf,
    0xfc,
    0x00,
    0x00,
    0x00,
    0x00,
    0x00,
    0x00,
    0x00,
    0x00,
    0x00,
    0x00,
    0x00,
    0x00,
    0x00,
    0x00,
    0x00,
    0x00,
    0x00,
    0x00,
    0x00,
    0x00,
    0x00,
    0x00,
    0x00,
    0x00,
    0x00,
    0x00,
    0x00,
    0x00,
    0x00,
    0x00,
    0x00,
    0x00,
    0x00,
    0x00,
    0x00,
    0x00,
    0x00,
    0x00,
    0x00,
    0x00,
    0x00,
    0x00,
    0x00,
    0x00,
    0x00,
    0x00,
    0x00,
    0x00,
    0x00,
    0x00,
    0x00,
    0x00,
    0x00,
    0x00,
    0x00,
    0x00,
    0x00,
    0x00,
    0x00,
    0x00,
    0x00,
    0x00,
    0x00,
    0x00,
    0x00,
    0x00,
    0x00,
    0x00,
    0x00,
    0x00,
    0x00,
    0x00,
    0x00,
    0x00,
    0x00,
    0x00,
    0x00,
    0x00,
    0x00,
    0x00,
    0x00,
    0x00,
    0x00,
    0x00,
    0x00,
    0x00,
    0x00,
    0x00,
    0x00,
    0x00,
    0x00,
    0x00,
    0x00,
    0x00,
    0x00,
    0x00,
    0x00,
    0x00,
    0x00,
    0x00,
    0xff,
    0xaa,
    0x87,
    0x7e,
    0x72,
    0x78,
    0x87,
    0x84,
    0x83,
    0x83,
    0x8b,
    0x92,
    0x98,
    0xa0,
    0xac,
    0xf7,
    0x00,
    0x00,
    0x00,
    0x00,
    0x00,
    0x00,
    0x00,
    0x00,
    0x00,
    0xff,
    0xed,
    0xcd,
    0xb0,
    0xb7,
    0xa3,
    0xa4,
    0xc3,
    0xf1,
    0x00,
    0x00,
    0x00,
    0x00,
    0x00,
    0x00,
    0x00,
    0x00,
    0x00,
    0x00,
    0x00,
    0x00,
    0x00,
    0x00,
    0x00,
    0xf7,
    0xaf,
    0x98,
    0x92,
    0x8f,
    0x8f,
    0x8f,
    0x93,
    0x93,
    0x93,
    0x98,
    0x98,
    0x9b,
    0x9b,
    0x9b,
    0xa0,
    0xd4,
    0x00,
    0x00,
    0x00,
    0x00,
    0x00,
    0x00,
    0x00,
    0x00,
    0x00,
    0x00,
    0x00,
    0x00,
    0x00,
    0x00,
    0x00,
    0xfb,
    0xc1,
    0xa3,
    0x93,
    0x92,
    0x98,
    0x98,
    0xa4,
    0xac,
    0xb2,
    0xb2,
    0xc3,
    0xf2,
    0x00,
    0x00,
    0x00,
    0x00,
    0x00,
    0x00,
    0x00,
    0x00,
    0x00,
    0x00,
    0x00,
    0x00,
    0x00,
    0x00,
    0x00,
    0x00,
    0x00,
    0x00,
    0x00,
    0x00,
    0x00,
    0x00,
    0x00,
    0x00,
    0x00,
    0x00,
    0x00,
    0x00,
    0x00,
    0x00,
    0x00,
    0x00,
    0x00,
    0x00,
    0x00,
    0x00,
    0x00,
    0x00,
    0x00,
    0x00,
    0x00,
    0x00,
    0x00,
    0xff,
    0xeb,
    0xeb,
    0xfe,
    0x00,
    0x00,
    0x00,
    0x00,
    0x00,
    0x00,
    0x00,
    0xfe,
    0xcd,
    0x92,
    0x87,
    0x8b,
    0x92,
    0x93,
    0x9c,
    0xa4,
    0xac,
    0xc3,
    0xfd,
    0x00,
    0x00,
    0x00,
    0x00,
    0x00,
    0x00,
    0x00,
    0x00,
    0x00,
    0x00,
    0x00,
    0x00,
    0x00,
    0x00,
    0x00,
    0x00,
    0x00,
    0x00,
    0x00,
    0x00,
    0x00,
    0x00,
    0x00,
    0xff,
    0xff,
    0x00,
    0x00,
    0x00,
    0x00,
    0xfd,
    0x9e,
    0x83,
    0x83,
    0x8b,
    0x87,
    0x87,
    0x68,
    0x46,
    0x1e,
    0x26,
    0xef,
    0x00,
    0x00,
    0x00,
    0x00,
    0x00,
    0x00,
    0x00,
    0x00,
    0x00,
    0x00,
    0x00,
    0x00,
    0x00,
    0x00,
    0x00,
    0x00,
    0x00,
    0x00,
    0x00,
    0x00,
    0x00,
    0x00,
    0x00,
    0x00,
    0x00,
    0x00,
    0x00,
    0x00,
    0x00,
    0x00,
    0x00,
    0x00,
    0x00,
    0x00,
    0x00,
    0x00,
    0x00,
    0x00,
    0x00,
    0x00,
    0x00,
    0x00,
    0x00,
    0x00,
    0x00,
    0x00,
    0x00,
    0x00,
    0x00,
    0x00,
    0x00,
    0x00,
    0x00,
    0x00,
    0x00,
    0x00,
    0x00,
    0x00,
    0x00,
    0x00,
    0x00,
    0x00,
    0x00,
    0x00,
    0x00,
    0x00,
    0x00,
    0x00,
    0x00,
    0x00,
    0x00,
    0x00,
    0x00,
    0x00,
    0x00,
    0x00,
    0x00,
    0x00,
    0x00,
    0x00,
    0x00,
    0x00,
    0x00,
    0x00,
    0x00,
    0x00,
    0x00,
    0x00,
    0x00,
    0x00,
    0x00,
    0x00,
    0x00,
    0x00,
    0x00,
    0x00,
    0x00,
    0x00,
    0x00,
    0x00,
    0xc5,
    0x8f,
    0x84,
    0x87,
    0x8b,
    0x84,
    0x83,
    0x83,
    0x87,
    0x93,
    0x9a,
    0xa4,
    0xac,
    0xba,
    0xfe,
    0x00,
    0x00,
    0x00,
    0x00,
    0x00,
    0x00,
    0x00,
    0x00,
    0x00,
    0x00,
    0x00,
    0x00,
    0xfd,
    0xf7,
    0xf3,
    0xf4,
    0xfa,
    0xff,
    0x00,
    0x00,
    0x00,
    0x00,
    0x00,
    0x00,
    0x00,
    0x00,
    0x00,
    0x00,
    0x00,
    0x00,
    0x00,
    0x00,
    0x00,
    0x00,
    0xdf,
    0x9c,
    0x9a,
    0x93,
    0x93,
    0x8f,
    0x98,
    0x9a,
    0x9c,
    0x9c,
    0xa4,
    0xa0,
    0xa4,
    0xa4,
    0xb7,
    0xfd,
    0x00,
    0x00,
    0x00,
    0x00,
    0x00,
    0x00,
    0x00,
    0x00,
    0x00,
    0x00,
    0x00,
    0x00,
    0x00,
    0x00,
    0x00,
    0x00,
    0xfd,
    0xc6,
    0xa0,
    0x9b,
    0xa0,
    0xac,
    0xb2,
    0xba,
    0xba,
    0xdd,
    0xfb,
    0x00,
    0x00,
    0x00,
    0x00,
    0x00,
    0x00,
    0x00,
    0x00,
    0x00,
    0x00,
    0x00,
    0x00,
    0x00,
    0x00,
    0x00,
    0x00,
    0x00,
    0x00,
    0x00,
    0x00,
    0x00,
    0x00,
    0x00,
    0x00,
    0x00,
    0x00,
    0x00,
    0x00,
    0x00,
    0x00,
    0x00,
    0x00,
    0x00,
    0x00,
    0x00,
    0x00,
    0x00,
    0x00,
    0x00,
    0x00,
    0x00,
    0x00,
    0x00,
    0x00,
    0x00,
    0x00,
    0x00,
    0x00,
    0x00,
    0x00,
    0x00,
    0x00,
    0x00,
    0x00,
    0x00,
    0x00,
    0xfd,
    0xcd,
    0x9c,
    0x9a,
    0x93,
    0x92,
    0x9b,
    0xb2,
    0xbe,
    0xf7,
    0x00,
    0x00,
    0x00,
    0x00,
    0x00,
    0x00,
    0x00,
    0x00,
    0x00,
    0x00,
    0x00,
    0x00,
    0x00,
    0x00,
    0x00,
    0x00,
    0x00,
    0x00,
    0x00,
    0x00,
    0xff,
    0xf4,
    0xce,
    0x97,
    0x93,
    0x87,
    0x9c,
    0xce,
    0xff,
    0xff,
    0xb0,
    0x84,
    0x83,
    0x84,
    0x84,
    0x8b,
    0x78,
    0x57,
    0x12,
    0x01,
    0x05,
    0x49,
    0xfd,
    0x00,
    0x00,
    0x00,
    0x00,
    0x00,
    0x00,
    0x00,
    0x00,
    0x00,
    0x00,
    0x00,
    0x00,
    0x00,
    0x00,
    0x00,
    0x00,
    0x00,
    0x00,
    0x00,
    0x00,
    0x00,
    0x00,
    0x00,
    0x00,
    0x00,
    0x00,
    0x00,
    0x00,
    0x00,
    0x00,
    0x00,
    0x00,
    0x00,
    0x00,
    0x00,
    0x00,
    0x00,
    0x00,
    0x00,
    0x00,
    0x00,
    0x00,
    0x00,
    0x00,
    0x00,
    0x00,
    0x00,
    0x00,
    0x00,
    0x00,
    0x00,
    0x00,
    0x00,
    0x00,
    0x00,
    0x00,
    0x00,
    0x00,
    0x00,
    0x00,
    0x00,
    0x00,
    0x00,
    0x00,
    0x00,
    0x00,
    0x00,
    0x00,
    0x00,
    0x00,
    0x00,
    0x00,
    0x00,
    0x00,
    0x00,
    0x00,
    0x00,
    0x00,
    0x00,
    0x00,
    0x00,
    0x00,
    0x00,
    0x00,
    0x00,
    0x00,
    0x00,
    0x00,
    0x00,
    0x00,
    0x00,
    0x00,
    0x00,
    0x00,
    0x00,
    0x00,
    0x00,
    0x00,
    0x00,
    0xf7,
    0xa3,
    0x8b,
    0x83,
    0x83,
    0x83,
    0x83,
    0x8f,
    0x93,
    0x9c,
    0x9c,
    0xac,
    0xb2,
    0xdd,
    0x00,
    0x00,
    0x00,
    0x00,
    0x00,
    0x00,
    0x00,
    0x00,
    0x00,
    0x00,
    0x00,
    0x00,
    0x00,
    0x00,
    0x00,
    0x00,
    0x00,
    0x00,
    0x00,
    0x00,
    0x00,
    0x00,
    0x00,
    0x00,
    0x00,
    0x00,
    0x00,
    0x00,
    0x00,
    0x00,
    0x00,
    0x00,
    0x00,
    0x00,
    0x00,
    0xfe,
    0xc2,
    0xa3,
    0x9c,
    0x93,
    0x8f,
    0x92,
    0x93,
    0x9a,
    0xa5,
    0xac,
    0xac,
    0xac,
    0xba,
    0xf2,
    0x00,
    0x00,
    0x00,
    0x00,
    0x00,
    0x00,
    0x00,
    0x00,
    0x00,
    0x00,
    0x00,
    0x00,
    0x00,
    0x00,
    0x00,
    0x00,
    0x00,
    0x00,
    0xfb,
    0xd3,
    0xac,
    0xaf,
    0xba,
    0xba,
    0xcf,
    0xf1,
    0xff,
    0x00,
    0x00,
    0x00,
    0x00,
    0x00,
    0x00,
    0x00,
    0x00,
    0x00,
    0x00,
    0x00,
    0x00,
    0x00,
    0x00,
    0x00,
    0x00,
    0x00,
    0x00,
    0x00,
    0x00,
    0x00,
    0x00,
    0x00,
    0x00,
    0x00,
    0x00,
    0x00,
    0x00,
    0x00,
    0x00,
    0x00,
    0x00,
    0x00,
    0x00,
    0x00,
    0x00,
    0x00,
    0x00,
    0x00,
    0x00,
    0x00,
    0x00,
    0x00,
    0x00,
    0x00,
    0x00,
    0x00,
    0x00,
    0x00,
    0x00,
    0x00,
    0x00,
    0x00,
    0x00,
    0x00,
    0x00,
    0x00,
    0x00,
    0xfe,
    0xdc,
    0xb7,
    0x98,
    0x9b,
    0xac,
    0xbe,
    0xf0,
    0x00,
    0x00,
    0x00,
    0x00,
    0x00,
    0x00,
    0x00,
    0x00,
    0x00,
    0x00,
    0x00,
    0x00,
    0x00,
    0x00,
    0x00,
    0x00,
    0x00,
    0x00,
    0x00,
    0x00,
    0xf7,
    0xb0,
    0x79,
    0x75,
    0x5e,
    0x5a,
    0x67,
    0x79,
    0x83,
    0xb0,
    0xf4,
    0x84,
    0x83,
    0x84,
    0x84,
    0x84,
    0x8b,
    0x7e,
    0x68,
    0x2e,
    0x07,
    0x01,
    0x2d,
    0xc9,
    0x00,
    0x00,
    0x00,
    0x00,
    0x00,
    0x00,
    0x00,
    0x00,
    0x00,
    0x00,
    0x00,
    0x00,
    0x00,
    0x00,
    0x00,
    0x00,
    0x00,
    0x00,
    0x00,
    0x00,
    0x00,
    0x00,
    0x00,
    0x00,
    0x00,
    0x00,
    0x00,
    0x00,
    0x00,
    0x00,
    0x00,
    0x00,
    0x00,
    0x00,
    0x00,
    0x00,
    0x00,
    0x00,
    0x00,
    0x00,
    0x00,
    0x00,
    0x00,
    0x00,
    0x00,
    0x00,
    0x00,
    0x00,
    0x00,
    0x00,
    0x00,
    0x00,
    0x00,
    0x00,
    0x00,
    0x00,
    0x00,
    0x00,
    0x00,
    0x00,
    0x00,
    0x00,
    0x00,
    0x00,
    0x00,
    0x00,
    0x00,
    0x00,
    0x00,
    0x00,
    0x00,
    0x00,
    0x00,
    0x00,
    0x00,
    0x00,
    0x00,
    0x00,
    0x00,
    0x00,
    0x00,
    0x00,
    0x00,
    0x00,
    0x00,
    0x00,
    0x00,
    0x00,
    0x00,
    0x00,
    0x00,
    0x00,
    0x00,
    0x00,
    0x00,
    0x00,
    0x00,
    0x00,
    0x00,
    0x00,
    0xf2,
    0x9c,
    0x8f,
    0x84,
    0x8b,
    0x8f,
    0x8f,
    0x93,
    0x93,
    0xa0,
    0xaf,
    0xba,
    0xfb,
    0x00,
    0x00,
    0x00,
    0x00,
    0x00,
    0x00,
    0x00,
    0x00,
    0x00,
    0x00,
    0x00,
    0x00,
    0x00,
    0x00,
    0x00,
    0x00,
    0x00,
    0x00,
    0x00,
    0x00,
    0x00,
    0x00,
    0x00,
    0x00,
    0x00,
    0x00,
    0x00,
    0x00,
    0x00,
    0x00,
    0x00,
    0x00,
    0x00,
    0x00,
    0x00,
    0x00,
    0xfb,
    0xc1,
    0xa3,
    0x93,
    0x92,
    0x98,
    0x98,
    0xa4,
    0xac,
    0xb2,
    0xb2,
    0xc3,
    0xf2,
    0x00,
    0x00,
    0x00,
    0x00,
    0x00,
    0x00,
    0x00,
    0x00,
    0x00,
    0x00,
    0x00,
    0x00,
    0x00,
    0x00,
    0x00,
    0x00,
    0x00,
    0x00,
    0x00,
    0x00,
    0x00,
    0xe7,
    0xc3,
    0xd3,
    0xf5,
    0xff,
    0x00,
    0x00,
    0x00,
    0x00,
    0x00,
    0x00,
    0x00,
    0x00,
    0x00,
    0x00,
    0x00,
    0x00,
    0x00,
    0x00,
    0x00,
    0x00,
    0x00,
    0x00,
    0x00,
    0x00,
    0x00,
    0x00,
    0x00,
    0x00,
    0x00,
    0x00,
    0x00,
    0x00,
    0x00,
    0x00,
    0x00,
    0x00,
    0x00,
    0x00,
    0x00,
    0x00,
    0x00,
    0x00,
    0x00,
    0x00,
    0x00,
    0x00,
    0x00,
    0x00,
    0x00,
    0x00,
    0x00,
    0x00,
    0x00,
    0x00,
    0x00,
    0x00,
    0x00,
    0x00,
    0x00,
    0x00,
    0x00,
    0x00,
    0x00,
    0x00,
    0x00,
    0x00,
    0xfd,
    0xe4,
    0xb7,
    0xbe,
    0xf3,
    0x00,
    0x00,
    0x00,
    0x00,
    0x00,
    0x00,
    0x00,
    0x00,
    0x00,
    0x00,
    0x00,
    0x00,
    0x00,
    0x00,
    0x00,
    0x00,
    0x00,
    0x00,
    0x00,
    0x00,
    0xed,
    0x8a,
    0x6d,
    0x5e,
    0x46,
    0x30,
    0x1e,
    0x1d,
    0x46,
    0x6d,
    0x87,
    0x9e,
    0x84,
    0x84,
    0x84,
    0x84,
    0x84,
    0x8b,
    0x8b,
    0x7e,
    0x5a,
    0x25,
    0x03,
    0x2d,
    0xa1,
    0xff,
    0x00,
    0x00,
    0x00,
    0x00,
    0x00,
    0x00,
    0x00,
    0x00,
    0x00,
    0x00,
    0x00,
    0x00,
    0x00,
    0x00,
    0x00,
    0x00,
    0x00,
    0x00,
    0x00,
    0x00,
    0x00,
    0x00,
    0x00,
    0x00,
    0x00,
    0x00,
    0x00,
    0x00,
    0x00,
    0x00,
    0x00,
    0x00,
    0x00,
    0x00,
    0x00,
    0x00,
    0x00,
    0x00,
    0x00,
    0x00,
    0x00,
    0x00,
    0x00,
    0x00,
    0x00,
    0x00,
    0x00,
    0x00,
    0x00,
    0x00,
    0x00,
    0x00,
    0x00,
    0x00,
    0x00,
    0x00,
    0x00,
    0x00,
    0x00,
    0x00,
    0x00,
    0x00,
    0x00,
    0x00,
    0x00,
    0x00,
    0x00,
    0x00,
    0x00,
    0x00,
    0x00,
    0x00,
    0x00,
    0x00,
    0x00,
    0x00,
    0x00,
    0x00,
    0x00,
    0x00,
    0x00,
    0x00,
    0x00,
    0x00,
    0x00,
    0x00,
    0x00,
    0x00,
    0x00,
    0x00,
    0x00,
    0x00,
    0x00,
    0x00,
    0x00,
    0x00,
    0x00,
    0x00,
    0x00,
    0x00,
    0xf7,
    0xbc,
    0x98,
    0x98,
    0x9a,
    0x93,
    0x92,
    0x93,
    0xac,
    0xba,
    0xe4,
    0x00,
    0x00,
    0x00,
    0x00,
    0x00,
    0x00,
    0x00,
    0x00,
    0x00,
    0x00,
    0x00,
    0x00,
    0x00,
    0x00,
    0x00,
    0x00,
    0x00,
    0x00,
    0x00,
    0x00,
    0x00,
    0x00,
    0x00,
    0x00,
    0x00,
    0x00,
    0x00,
    0x00,
    0x00,
    0x00,
    0x00,
    0x00,
    0x00,
    0x00,
    0x00,
    0x00,
    0x00,
    0x00,
    0xfd,
    0xc6,
    0xa0,
    0x9b,
    0xa0,
    0xac,
    0xb2,
    0xba,
    0xba,
    0xdd,
    0xfb,
    0x00,
    0x00,
    0x00,
    0x00,
    0x00,
    0x00,
    0x00,
    0x00,
    0x00,
    0x00,
    0x00,
    0x00,
    0x00,
    0x00,
    0x00,
    0x00,
    0x00,
    0x00,
    0x00,
    0x00,
    0x00,
    0x00,
    0x00,
    0xff,
    0x00,
    0x00,
    0x00,
    0x00,
    0x00,
    0x00,
    0x00,
    0x00,
    0x00,
    0x00,
    0x00,
    0x00,
    0xfe,
    0xc8,
    0x89,
    0x7a,
    0x90,
    0xce,
    0xfe,
    0x00,
    0x00,
    0x00,
    0x00,
    0x00,
    0x00,
    0x00,
    0x00,
    0x00,
    0x00,
    0x00,
    0x00,
    0x00,
    0x00,
    0x00,
    0x00,
    0x00,
    0x00,
    0x00,
    0x00,
    0x00,
    0x00,
    0x00,
    0x00,
    0x00,
    0x00,
    0x00,
    0x00,
    0x00,
    0x00,
    0x00,
    0x00,
    0x00,
    0x00,
    0x00,
    0x00,
    0x00,
    0x00,
    0x00,
    0x00,
    0x00,
    0x00,
    0x00,
    0x00,
    0x00,
    0x00,
    0x00,
    0x00,
    0x00,
    0xff,
    0x00,
    0x00,
    0x00,
    0x00,
    0x00,
    0x00,
    0x00,
    0x00,
    0x00,
    0x00,
    0x00,
    0x00,
    0x00,
    0x00,
    0x00,
    0x00,
    0x00,
    0x00,
    0x00,
    0x00,
    0xfa,
    0x82,
    0x75,
    0x5e,
    0x4c,
    0x35,
    0x15,
    0x0e,
    0x0a,
    0x1b,
    0x50,
    0x79,
    0x8b,
    0x8b,
    0x8b,
    0x8b,
    0x8b,
    0x8f,
    0x8b,
    0x8f,
    0x8f,
    0x78,
    0x4c,
    0x0e,
    0x47,
    0x96,
    0xfe,
    0x00,
    0x00,
    0x00,
    0x00,
    0x00,
    0x00,
    0x00,
    0x00,
    0x00,
    0x00,
    0x00,
    0x00,
    0x00,
    0x00,
    0x00,
    0x00,
    0x00,
    0x00,
    0x00,
    0x00,
    0x00,
    0x00,
    0x00,
    0x00,
    0x00,
    0x00,
    0x00,
    0x00,
    0x00,
    0x00,
    0x00,
    0x00,
    0x00,
    0x00,
    0x00,
    0x00,
    0x00,
    0x00,
    0x00,
    0x00,
    0x00,
    0x00,
    0x00,
    0x00,
    0x00,
    0x00,
    0x00,
    0x00,
    0x00,
    0x00,
    0x00,
    0x00,
    0x00,
    0x00,
    0x00,
    0x00,
    0x00,
    0x00,
    0x00,
    0x00,
    0x00,
    0x00,
    0x00,
    0x00,
    0x00,
    0x00,
    0x00,
    0x00,
    0x00,
    0x00,
    0x00,
    0x00,
    0x00,
    0x00,
    0x00,
    0x00,
    0x00,
    0x00,
    0x00,
    0x00,
    0x00,
    0x00,
    0x00,
    0x00,
    0x00,
    0x00,
    0x00,
    0x00,
    0x00,
    0x00,
    0x00,
    0x00,
    0x00,
    0x00,
    0x00,
    0x00,
    0x00,
    0x00,
    0x00,
    0x00,
    0x00,
    0xfd,
    0xdf,
    0xbc,
    0xa3,
    0x9c,
    0x98,
    0xa0,
    0xaf,
    0xcf,
    0xfe,
    0x00,
    0x00,
    0x00,
    0x00,
    0x00,
    0x00,
    0x00,
    0x00,
    0x00,
    0x00,
    0x00,
    0x00,
    0x00,
    0x00,
    0x00,
    0x00,
    0x00,
    0x00,
    0x00,
    0x00,
    0x00,
    0x00,
    0x00,
    0x00,
    0x00,
    0x00,
    0x00,
    0x00,
    0x00,
    0x00,
    0x00,
    0x00,
    0x00,
    0x00,
    0x00,
    0x00,
    0x00,
    0x00,
    0x00,
    0xfb,
    0xd3,
    0xac,
    0xaf,
    0xba,
    0xba,
    0xcf,
    0xf1,
    0xff,
    0x00,
    0x00,
    0x00,
    0x00,
    0x00,
    0x00,
    0xfe,
    0xc8,
    0x89,
    0x7a,
    0x90,
    0xce,
    0xfe,
    0x00,
    0x00,
    0x00,
    0x00,
    0x00,
    0x00,
    0x00,
    0x00,
    0x00,
    0x00,
    0x00,
    0x00,
    0x00,
    0x00,
    0x00,
    0x00,
    0x00,
    0x00,
    0x00,
    0x00,
    0x00,
    0x00,
    0x00,
    0xff,
    0xc2,
    0x79,
    0x5a,
    0x35,
    0x2a,
    0x5a,
    0xb4,
    0xfe,
    0xee,
    0xc8,
    0xdc,
    0xf7,
    0x00,
    0x00,
    0x00,
    0x00,
    0x00,
    0x00,
    0x00,
    0x00,
    0x00,
    0x00,
    0x00,
    0x00,
    0x00,
    0xf7,
    0xe3,
    0xff,
    0x00,
    0x00,
    0x00,
    0x00,
    0x00,
    0x00,
    0x00,
    0x00,
    0x00,
    0x00,
    0x00,
    0x00,
    0x00,
    0x00,
    0x00,
    0x00,
    0x00,
    0x00,
    0x00,
    0x00,
    0x00,
    0x00,
    0x00,
    0x00,
    0x00,
    0x00,
    0x00,
    0x00,
    0x00,
    0x00,
    0x00,
    0x00,
    0x00,
    0x00,
    0x00,
    0x00,
    0x00,
    0x00,
    0x00,
    0x00,
    0x00,
    0x00,
    0x00,
    0x00,
    0x00,
    0x00,
    0x00,
    0x00,
    0x00,
    0xc5,
    0x87,
    0x7e,
    0x68,
    0x57,
    0x46,
    0x35,
    0x25,
    0x21,
    0x37,
    0x5c,
    0x79,
    0x87,
    0x8b,
    0x8f,
    0x8f,
    0x8f,
    0x8f,
    0x8f,
    0x93,
    0x8f,
    0x87,
    0x5c,
    0x30,
    0x66,
    0xa3,
    0xfd,
    0x00,
    0x00,
    0x00,
    0x00,
    0x00,
    0x00,
    0x00,
    0x00,
    0x00,
    0x00,
    0x00,
    0x00,
    0x00,
    0x00,
    0x00,
    0x00,
    0x00,
    0x00,
    0x00,
    0x00,
    0x00,
    0x00,
    0x00,
    0x00,
    0x00,
    0x00,
    0x00,
    0x00,
    0x00,
    0x00,
    0x00,
    0x00,
    0x00,
    0x00,
    0x00,
    0x00,
    0x00,
    0x00,
    0x00,
    0x00,
    0x00,
    0x00,
    0x00,
    0x00,
    0x00,
    0x00,
    0x00,
    0x00,
    0x00,
    0x00,
    0x00,
    0x00,
    0x00,
    0x00,
    0x00,
    0x00,
    0x00,
    0x00,
    0x00,
    0x00,
    0x00,
    0x00,
    0x00,
    0x00,
    0x00,
    0x00,
    0x00,
    0x00,
    0x00,
    0x00,
    0x00,
    0x00,
    0x00,
    0x00,
    0x00,
    0x00,
    0x00,
    0x00,
    0x00,
    0x00,
    0x00,
    0x00,
    0x00,
    0x00,
    0x00,
    0x00,
    0x00,
    0x00,
    0x00,
    0x00,
    0x00,
    0x00,
    0x00,
    0x00,
    0x00,
    0x00,
    0x00,
    0x00,
    0x00,
    0x00,
    0x00,
    0x00,
    0x00,
    0xff,
    0xf7,
    0xe4,
    0xcd,
    0xc3,
    0xcf,
    0xfd,
    0x00,
    0x00,
    0x00,
    0x00,
    0x00,
    0x00,
    0x00,
    0x00,
    0x00,
    0x00,
    0x00,
    0x00,
    0x00,
    0x00,
    0x00,
    0x00,
    0x00,
    0x00,
    0x00,
    0x00,
    0x00,
    0x00,
    0x00,
    0x00,
    0x00,
    0x00,
    0x00,
    0x00,
    0x00,
    0x00,
    0x00,
    0x00,
    0x00,
    0x00,
    0x00,
    0x00,
    0x00,
    0x00,
    0x00,
    0x00,
    0x00,
    0x00,
    0xe7,
    0xc3,
    0xd3,
    0xf5,
    0xff,
    0x00,
    0x00,
    0x00,
    0x00,
    0x00,
    0x00,
    0x00,
    0xff,
    0xc2,
    0x79,
    0x5a,
    0x35,
    0x2a,
    0x5a,
    0xb4,
    0xfe,
    0xee,
    0xc8,
    0xdc,
    0xf7,
    0x00,
    0x00,
    0x00,
    0x00,
    0x00,
    0x00,
    0x00,
    0x00,
    0x00,
    0x00,
    0x00,
    0x00,
    0x00,
    0x00,
    0x00,
    0x00,
    0x00,
    0x00,
    0xfb,
    0x93,
    0x87,
    0x68,
    0x44,
    0x15,
    0x22,
    0x7a,
    0xb4,
    0x84,
    0x84,
    0x84,
    0x87,
    0x9f,
    0xfd,
    0x00,
    0x00,
    0x00,
    0x00,
    0x00,
    0x00,
    0x00,
    0x00,
    0x00,
    0xfd,
    0xbd,
    0x7e,
    0x1c,
    0x5f,
    0xfe,
    0x00,
    0x00,
    0x00,
    0x00,
    0x00,
    0x00,
    0x00,
    0x00,
    0x00,
    0x00,
    0x00,
    0x00,
    0x00,
    0x00,
    0x00,
    0x00,
    0x00,
    0x00,
    0x00,
    0x00,
    0x00,
    0x00,
    0x00,
    0x00,
    0x00,
    0x00,
    0x00,
    0x00,
    0x00,
    0x00,
    0x00,
    0x00,
    0x00,
    0x00,
    0x00,
    0x00,
    0x00,
    0x00,
    0x00,
    0x00,
    0x00,
    0x00,
    0x00,
    0x00,
    0x00,
    0x00,
    0x00,
    0x00,
    0xaa,
    0x8b,
    0x87,
    0x7e,
    0x68,
    0x5a,
    0x4c,
    0x46,
    0x4c,
    0x5a,
    0x78,
    0x87,
    0x8f,
    0x8b,
    0x8f,
    0x8f,
    0x8f,
    0x93,
    0x93,
    0x93,
    0x93,
    0x8f,
    0x75,
    0x5c,
    0x93,
    0xaf,
    0xfd,
    0x00,
    0x00,
    0x00,
    0x00,
    0x00,
    0x00,
    0x00,
    0x00,
    0x00,
    0x00,
    0x00,
    0x00,
    0x00,
    0x00,
    0x00,
    0x00,
    0x00,
    0x00,
    0x00,
    0x00,
    0x00,
    0x00,
    0x00,
    0x00,
    0x00,
    0x00,
    0x00,
    0x00,
    0x00,
    0x00,
    0x00,
    0x00,
    0x00,
    0x00,
    0x00,
    0x00,
    0x00,
    0x00,
    0x00,
    0x00,
    0x00,
    0x00,
    0x00,
    0x00,
    0x00,
    0x00,
    0x00,
    0x00,
    0x00,
    0x00,
    0x00,
    0x00,
    0x00,
    0x00,
    0x00,
    0x00,
    0x00,
    0x00,
    0x00,
    0x00,
    0x00,
    0x00,
    0x00,
    0x00,
    0x00,
    0x00,
    0x00,
    0x00,
    0x00,
    0x00,
    0x00,
    0x00,
    0x00,
    0x00,
    0x00,
    0x00,
    0x00,
    0x00,
    0x00,
    0x00,
    0x00,
    0x00,
    0x00,
    0x00,
    0x00,
    0x00,
    0x00,
    0x00,
    0x00,
    0x00,
    0x00,
    0x00,
    0x00,
    0x00,
    0x00,
    0x00,
    0x00,
    0x00,
    0x00,
    0x00,
    0x00,
    0x00,
    0x00,
    0x00,
    0x00,
    0x00,
    0x00,
    0x00,
    0x00,
    0x00,
    0x00,
    0x00,
    0x00,
    0x00,
    0x00,
    0x00,
    0x00,
    0x00,
    0x00,
    0x00,
    0x00,
    0x00,
    0x00,
    0x00,
    0x00,
    0x00,
    0x00,
    0x00,
    0x00,
    0x00,
    0x00,
    0x00,
    0x00,
    0x00,
    0x00,
    0x00,
    0x00,
    0x00,
    0x00,
    0x00,
    0x00,
    0x00,
    0x00,
    0x00,
    0x00,
    0x00,
    0x00,
    0x00,
    0x00,
    0x00,
    0x00,
    0x00,
    0x00,
    0xff,
    0x00,
    0x00,
    0x00,
    0x00,
    0x00,
    0x00,
    0x00,
    0x00,
    0x00,
    0x00,
    0xfb,
    0x93,
    0x87,
    0x68,
    0x44,
    0x15,
    0x28,
    0x7a,
    0xb4,
    0x84,
    0x83,
    0x87,
    0x87,
    0x9f,
    0xfd,
    0x00,
    0x00,
    0x00,
    0x00,
    0x00,
    0x00,
    0x00,
    0x00,
    0x00,
    0x00,
    0x00,
    0x00,
    0x00,
    0x00,
    0x00,
    0x00,
    0xfa,
    0x92,
    0x8b,
    0x7e,
    0x63,
    0x4c,
    0x5a,
    0x79,
    0x8b,
    0x84,
    0x84,
    0x87,
    0x72,
    0x23,
    0x48,
    0xff,
    0x00,
    0x00,
    0x00,
    0x00,
    0x00,
    0x00,
    0xf8,
    0xd9,
    0xd2,
    0x84,
    0x8f,
    0x78,
    0x64,
    0xfa,
    0x00,
    0x00,
    0x00,
    0x00,
    0x00,
    0x00,
    0x00,
    0x00,
    0x00,
    0x00,
    0x00,
    0x00,
    0x00,
    0x00,
    0x00,
    0x00,
    0x00,
    0x00,
    0x00,
    0x00,
    0x00,
    0x00,
    0x00,
    0x00,
    0x00,
    0x00,
    0x00,
    0x00,
    0x00,
    0x00,
    0x00,
    0x00,
    0x00,
    0x00,
    0x00,
    0x00,
    0x00,
    0x00,
    0x00,
    0x00,
    0x00,
    0x00,
    0x00,
    0x00,
    0x00,
    0x00,
    0x00,
    0x00,
    0xaa,
    0x8b,
    0x8f,
    0x8b,
    0x7e,
    0x78,
    0x68,
    0x63,
    0x72,
    0x7e,
    0x87,
    0x8b,
    0x84,
    0x84,
    0x8b,
    0x8b,
    0x8f,
    0x8f,
    0x93,
    0x9a,
    0x93,
    0x92,
    0x92,
    0x82,
    0x9b,
    0xb7,
    0xfe,
    0x00,
    0x00,
    0x00,
    0x00,
    0x00,
    0x00,
    0x00,
    0x00,
    0x00,
    0x00,
    0x00,
    0x00,
    0x00,
    0x00,
    0x00,
    0x00,
    0x00,
    0x00,
    0x00,
    0x00,
    0x00,
    0x00,
    0x00,
    0x00,
    0x00,
    0x00,
    0x00,
    0x00,
    0x00,
    0x00,
    0x00,
    0x00,
    0x00,
    0x00,
    0x00,
    0x00,
    0x00,
    0x00,
    0x00,
    0x00,
    0x00,
    0x00,
    0x00,
    0x00,
    0x00,
    0x00,
    0x00,
    0x00,
    0x00,
    0x00,
    0x00,
    0x00,
    0x00,
    0x00,
    0x00,
    0x00,
    0x00,
    0x00,
    0x00,
    0x00,
    0x00,
    0x00,
    0x00,
    0x00,
    0x00,
    0x00,
    0x00,
    0x00,
    0x00,
    0x00,
    0x00,
    0x00,
    0x00,
    0x00,
    0x00,
    0x00,
    0x00,
    0x00,
    0x00,
    0x00,
    0x00,
    0x00,
    0x00,
    0x00,
    0x00,
    0x00,
    0x00,
    0x00,
    0x00,
    0x00,
    0x00,
    0x00,
    0x00,
    0x00,
    0x00,
    0x00,
    0x00,
    0x00,
    0x00,
    0x00,
    0x00,
    0x00,
    0x00,
    0x00,
    0x00,
    0x00,
    0x00,
    0x00,
    0x00,
    0x00,
    0x00,
    0x00,
    0x00,
    0x00,
    0x00,
    0x00,
    0x00,
    0x00,
    0x00,
    0x00,
    0x00,
    0x00,
    0x00,
    0x00,
    0x00,
    0x00,
    0x00,
    0x00,
    0x00,
    0x00,
    0x00,
    0x00,
    0x00,
    0x00,
    0x00,
    0x00,
    0x00,
    0x00,
    0x00,
    0x00,
    0x00,
    0x00,
    0x00,
    0x00,
    0x00,
    0x00,
    0x00,
    0x00,
    0x00,
    0x00,
    0x00,
    0x00,
    0x00,
    0x00,
    0x00,
    0x00,
    0x00,
    0x00,
    0x00,
    0x00,
    0x00,
    0x00,
    0x00,
    0x00,
    0xfa,
    0x92,
    0x8b,
    0x7e,
    0x63,
    0x4c,
    0x5a,
    0x79,
    0x8b,
    0x84,
    0x84,
    0x8b,
    0x72,
    0x25,
    0x48,
    0x00,
    0x00,
    0x00,
    0x00,
    0x00,
    0x00,
    0x00,
    0x00,
    0x00,
    0x00,
    0x00,
    0x00,
    0x00,
    0x00,
    0x00,
    0x00,
    0xfb,
    0x8f,
    0x8b,
    0x84,
    0x87,
    0x87,
    0x87,
    0x8b,
    0x8f,
    0x8f,
    0x8f,
    0x8b,
    0x78,
    0x12,
    0x11,
    0xf8,
    0x00,
    0x00,
    0x00,
    0x00,
    0x00,
    0xee,
    0x54,
    0x1c,
    0x75,
    0x8f,
    0x8f,
    0x93,
    0x9b,
    0xf1,
    0x00,
    0x00,
    0x00,
    0x00,
    0x00,
    0x00,
    0x00,
    0x00,
    0x00,
    0x00,
    0x00,
    0x00,
    0x00,
    0x00,
    0x00,
    0x00,
    0x00,
    0x00,
    0x00,
    0x00,
    0x00,
    0x00,
    0x00,
    0x00,
    0x00,
    0x00,
    0x00,
    0x00,
    0x00,
    0x00,
    0x00,
    0x00,
    0x00,
    0x00,
    0x00,
    0x00,
    0x00,
    0x00,
    0x00,
    0x00,
    0x00,
    0x00,
    0x00,
    0x00,
    0x00,
    0x00,
    0x00,
    0x00,
    0xc5,
    0x8f,
    0x8b,
    0x8b,
    0x8b,
    0x87,
    0x7e,
    0x7e,
    0x87,
    0x8b,
    0x87,
    0x84,
    0x84,
    0x84,
    0x84,
    0x84,
    0x8b,
    0x8f,
    0x8f,
    0x92,
    0x93,
    0x98,
    0x98,
    0x9b,
    0xa0,
    0xcd,
    0xff,
    0x00,
    0x00,
    0x00,
    0x00,
    0x00,
    0x00,
    0x00,
    0x00,
    0x00,
    0x00,
    0x00,
    0x00,
    0x00,
    0x00,
    0x00,
    0x00,
    0x00,
    0x00,
    0x00,
    0x00,
    0x00,
    0x00,
    0x00,
    0x00,
    0x00,
    0x00,
    0x00,
    0x00,
    0x00,
    0xff,
    0xfb,
    0xf2,
    0xe0,
    0xe9,
    0xf2,
    0xfe,
    0x00,
    0x00,
    0x00,
    0x00,
    0x00,
    0x00,
    0x00,
    0x00,
    0x00,
    0x00,
    0x00,
    0x00,
    0x00,
    0x00,
    0x00,
    0x00,
    0x00,
    0x00,
    0x00,
    0x00,
    0x00,
    0x00,
    0x00,
    0x00,
    0x00,
    0x00,
    0x00,
    0x00,
    0x00,
    0x00,
    0x00,
    0x00,
    0x00,
    0x00,
    0x00,
    0x00,
    0x00,
    0x00,
    0x00,
    0x00,
    0x00,
    0x00,
    0x00,
    0x00,
    0x00,
    0x00,
    0x00,
    0x00,
    0x00,
    0x00,
    0x00,
    0x00,
    0x00,
    0x00,
    0x00,
    0x00,
    0x00,
    0x00,
    0x00,
    0x00,
    0x00,
    0x00,
    0x00,
    0x00,
    0x00,
    0x00,
    0x00,
    0x00,
    0x00,
    0x00,
    0x00,
    0x00,
    0x00,
    0x00,
    0x00,
    0x00,
    0x00,
    0x00,
    0x00,
    0x00,
    0x00,
    0x00,
    0x00,
    0x00,
    0x00,
    0x00,
    0x00,
    0x00,
    0x00,
    0x00,
    0x00,
    0x00,
    0x00,
    0x00,
    0x00,
    0x00,
    0x00,
    0x00,
    0x00,
    0x00,
    0x00,
    0x00,
    0x00,
    0x00,
    0x00,
    0x00,
    0x00,
    0x00,
    0x00,
    0x00,
    0x00,
    0x00,
    0x00,
    0x00,
    0x00,
    0x00,
    0x00,
    0x00,
    0x00,
    0x00,
    0x00,
    0x00,
    0x00,
    0x00,
    0x00,
    0x00,
    0x00,
    0x00,
    0xf8,
    0x93,
    0x84,
    0x8b,
    0x87,
    0x87,
    0x87,
    0x8b,
    0x8b,
    0x8f,
    0x8f,
    0x8b,
    0x78,
    0x12,
    0x11,
    0x00,
    0x00,
    0x00,
    0x00,
    0x00,
    0x00,
    0x00,
    0x00,
    0x00,
    0x00,
    0x00,
    0x00,
    0x00,
    0x00,
    0x00,
    0x00,
    0xfe,
    0xa3,
    0x84,
    0x83,
    0x84,
    0x84,
    0x84,
    0x83,
    0x84,
    0x8f,
    0x93,
    0x93,
    0x7e,
    0x21,
    0x3a,
    0xf8,
    0x00,
    0x00,
    0x00,
    0x00,
    0x00,
    0x97,
    0x63,
    0x57,
    0x87,
    0x83,
    0x8f,
    0x98,
    0xa5,
    0xf7,
    0x00,
    0x00,
    0x00,
    0x00,
    0x00,
    0x00,
    0x00,
    0x00,
    0x00,
    0x00,
    0x00,
    0x00,
    0x00,
    0x00,
    0x00,
    0x00,
    0x00,
    0x00,
    0x00,
    0x00,
    0x00,
    0x00,
    0x00,
    0x00,
    0x00,
    0x00,
    0x00,
    0x00,
    0x00,
    0x00,
    0x00,
    0x00,
    0x00,
    0x00,
    0x00,
    0x00,
    0x00,
    0x00,
    0x00,
    0x00,
    0x00,
    0x00,
    0x00,
    0x00,
    0x00,
    0x00,
    0x00,
    0x00,
    0xe9,
    0x8f,
    0x8b,
    0x8b,
    0x84,
    0x87,
    0x8b,
    0x8b,
    0x8b,
    0x84,
    0x84,
    0x83,
    0x83,
    0x83,
    0x83,
    0x83,
    0x84,
    0x8b,
    0x8f,
    0x92,
    0x98,
    0x98,
    0x9b,
    0x9b,
    0xa4,
    0xe4,
    0x00,
    0x00,
    0x00,
    0x00,
    0x00,
    0x00,
    0x00,
    0x00,
    0x00,
    0x00,
    0x00,
    0x00,
    0x00,
    0x00,
    0x00,
    0x00,
    0x00,
    0x00,
    0x00,
    0x00,
    0x00,
    0x00,
    0x00,
    0x00,
    0x00,
    0x00,
    0x00,
    0x00,
    0x00,
    0xfd,
    0xc5,
    0x8f,
    0x8b,
    0x8b,
    0x7e,
    0x72,
    0x60,
    0xc4,
    0x00,
    0x00,
    0x00,
    0x00,
    0x00,
    0x00,
    0x00,
    0x00,
    0x00,
    0x00,
    0x00,
    0x00,
    0x00,
    0x00,
    0x00,
    0x00,
    0x00,
    0x00,
    0x00,
    0x00,
    0x00,
    0x00,
    0x00,
    0x00,
    0x00,
    0x00,
    0x00,
    0x00,
    0x00,
    0x00,
    0x00,
    0x00,
    0x00,
    0x00,
    0x00,
    0x00,
    0x00,
    0x00,
    0x00,
    0x00,
    0x00,
    0x00,
    0x00,
    0x00,
    0x00,
    0x00,
    0x00,
    0x00,
    0x00,
    0x00,
    0x00,
    0x00,
    0x00,
    0x00,
    0x00,
    0x00,
    0x00,
    0x00,
    0x00,
    0x00,
    0x00,
    0x00,
    0x00,
    0x00,
    0x00,
    0x00,
    0x00,
    0x00,
    0x00,
    0x00,
    0x00,
    0x00,
    0x00,
    0x00,
    0x00,
    0x00,
    0x00,
    0x00,
    0x00,
    0x00,
    0x00,
    0x00,
    0x00,
    0x00,
    0x00,
    0x00,
    0x00,
    0x00,
    0x00,
    0x00,
    0x00,
    0x00,
    0x00,
    0x00,
    0x00,
    0x00,
    0x00,
    0x00,
    0x00,
    0x00,
    0x00,
    0x00,
    0x00,
    0x00,
    0x00,
    0x00,
    0x00,
    0x00,
    0x00,
    0x00,
    0x00,
    0x00,
    0x00,
    0x00,
    0x00,
    0x00,
    0x00,
    0x00,
    0x00,
    0x00,
    0x00,
    0x00,
    0x00,
    0x00,
    0x00,
    0x00,
    0x00,
    0xfe,
    0xa3,
    0x84,
    0x83,
    0x84,
    0x84,
    0x83,
    0x84,
    0x8b,
    0x8f,
    0x93,
    0x93,
    0x7e,
    0x21,
    0x3a,
    0x00,
    0x00,
    0x00,
    0x00,
    0x00,
    0x00,
    0x00,
    0x00,
    0x00,
    0x00,
    0x00,
    0x00,
    0x00,
    0x00,
    0x00,
    0x00,
    0xff,
    0xc5,
    0x8f,
    0x84,
    0x83,
    0x83,
    0x83,
    0x83,
    0x84,
    0x8b,
    0x93,
    0x93,
    0x7e,
    0x54,
    0x96,
    0xff,
    0x00,
    0x00,
    0x00,
    0x00,
    0x00,
    0xc5,
    0x87,
    0x84,
    0x84,
    0x8b,
    0x98,
    0xa4,
    0xc3,
    0xfd,
    0x00,
    0x00,
    0x00,
    0x00,
    0x00,
    0x00,
    0x00,
    0x00,
    0x00,
    0x00,
    0x00,
    0x00,
    0x00,
    0x00,
    0x00,
    0x00,
    0x00,
    0x00,
    0x00,
    0x00,
    0x00,
    0x00,
    0x00,
    0x00,
    0x00,
    0x00,
    0x00,
    0x00,
    0x00,
    0x00,
    0x00,
    0x00,
    0x00,
    0x00,
    0x00,
    0x00,
    0x00,
    0x00,
    0x00,
    0x00,
    0x00,
    0x00,
    0x00,
    0x00,
    0x00,
    0x00,
    0x00,
    0x00,
    0xff,
    0xa5,
    0x87,
    0x8b,
    0x84,
    0x83,
    0x83,
    0x84,
    0x84,
    0x84,
    0x83,
    0x83,
    0x83,
    0x83,
    0x83,
    0x8b,
    0x8b,
    0x8f,
    0x92,
    0x98,
    0x98,
    0x9a,
    0xa0,
    0xa4,
    0xac,
    0xfa,
    0x00,
    0x00,
    0x00,
    0x00,
    0x00,
    0x00,
    0x00,
    0x00,
    0x00,
    0x00,
    0x00,
    0x00,
    0x00,
    0x00,
    0x00,
    0x00,
    0x00,
    0x00,
    0x00,
    0x00,
    0x00,
    0xfe,
    0xee,
    0xd4,
    0xc2,
    0xc5,
    0xed,
    0xff,
    0xfe,
    0x9a,
    0x83,
    0x84,
    0x84,
    0x87,
    0x68,
    0x25,
    0x05,
    0x10,
    0xd6,
    0x00,
    0x00,
    0x00,
    0x00,
    0x00,
    0x00,
    0x00,
    0x00,
    0x00,
    0x00,
    0x00,
    0x00,
    0x00,
    0x00,
    0x00,
    0x00,
    0x00,
    0x00,
    0x00,
    0x00,
    0x00,
    0x00,
    0x00,
    0x00,
    0x00,
    0x00,
    0x00,
    0x00,
    0x00,
    0x00,
    0x00,
    0x00,
    0x00,
    0x00,
    0x00,
    0x00,
    0x00,
    0x00,
    0x00,
    0x00,
    0x00,
    0x00,
    0x00,
    0x00,
    0x00,
    0x00,
    0x00,
    0x00,
    0x00,
    0x00,
    0x00,
    0x00,
    0x00,
    0x00,
    0x00,
    0x00,
    0x00,
    0x00,
    0x00,
    0x00,
    0x00,
    0x00,
    0x00,
    0x00,
    0x00,
    0x00,
    0x00,
    0x00,
    0x00,
    0x00,
    0x00,
    0x00,
    0x00,
    0x00,
    0x00,
    0x00,
    0x00,
    0x00,
    0x00,
    0x00,
    0xff,
    0xff,
    0x00,
    0x00,
    0xff,
    0xfe,
    0x00,
    0x00,
    0x00,
    0x00,
    0x00,
    0x00,
    0x00,
    0x00,
    0x00,
    0x00,
    0x00,
    0x00,
    0x00,
    0x00,
    0x00,
    0x00,
    0x00,
    0x00,
    0x00,
    0x00,
    0x00,
    0x00,
    0x00,
    0x00,
    0x00,
    0x00,
    0x00,
    0x00,
    0x00,
    0x00,
    0x00,
    0x00,
    0x00,
    0x00,
    0x00,
    0x00,
    0x00,
    0x00,
    0x00,
    0x00,
    0x00,
    0xc6,
    0x8f,
    0x84,
    0x83,
    0x83,
    0x83,
    0x83,
    0x84,
    0x8b,
    0x93,
    0x93,
    0x82,
    0x54,
    0x96,
    0x00,
    0x00,
    0x00,
    0x00,
    0x00,
    0x00,
    0x00,
    0x00,
    0x00,
    0x00,
    0x00,
    0x00,
    0x00,
    0x00,
    0x00,
    0x00,
    0x00,
    0xf2,
    0x9a,
    0x93,
    0x8b,
    0x87,
    0x8f,
    0x8f,
    0x8f,
    0x8f,
    0x92,
    0x93,
    0x98,
    0x93,
    0xe9,
    0x00,
    0x00,
    0x00,
    0x00,
    0x00,
    0x00,
    0xfd,
    0xbd,
    0x8b,
    0x8f,
    0x8f,
    0x93,
    0xa5,
    0xe7,
    0xff,
    0x00,
    0x00,
    0x00,
    0x00,
    0x00,
    0x00,
    0x00,
    0x00,
    0x00,
    0x00,
    0x00,
    0x00,
    0x00,
    0x00,
    0x00,
    0x00,
    0x00,
    0x00,
    0x00,
    0x00,
    0x00,
    0x00,
    0x00,
    0x00,
    0x00,
    0x00,
    0x00,
    0x00,
    0x00,
    0x00,
    0x00,
    0x00,
    0x00,
    0x00,
    0x00,
    0x00,
    0x00,
    0x00,
    0x00,
    0xfd,
    0xfa,
    0xfb,
    0x00,
    0x00,
    0x00,
    0x00,
    0x00,
    0x00,
    0x00,
    0xe1,
    0x8f,
    0x8b,
    0x84,
    0x83,
    0x83,
    0x83,
    0x83,
    0x83,
    0x83,
    0x83,
    0x84,
    0x87,
    0x8f,
    0x8f,
    0x93,
    0x98,
    0x9b,
    0x9a,
    0xa0,
    0xa0,
    0xa4,
    0xac,
    0xc1,
    0x00,
    0x00,
    0x00,
    0x00,
    0x00,
    0x00,
    0x00,
    0x00,
    0x00,
    0x00,
    0x00,
    0x00,
    0x00,
    0x00,
    0x00,
    0x00,
    0x00,
    0x00,
    0x00,
    0x00,
    0xff,
    0xdf,
    0x89,
    0x75,
    0x5e,
    0x5e,
    0x75,
    0x84,
    0xc8,
    0xe1,
    0x84,
    0x84,
    0x84,
    0x84,
    0x8b,
    0x72,
    0x35,
    0x07,
    0x05,
    0x69,
    0xff,
    0x00,
    0x00,
    0x00,
    0x00,
    0x00,
    0x00,
    0x00,
    0x00,
    0x00,
    0x00,
    0x00,
    0x00,
    0x00,
    0x00,
    0x00,
    0x00,
    0x00,
    0x00,
    0x00,
    0x00,
    0x00,
    0x00,
    0x00,
    0x00,
    0x00,
    0x00,
    0x00,
    0x00,
    0x00,
    0x00,
    0x00,
    0x00,
    0x00,
    0x00,
    0x00,
    0x00,
    0x00,
    0x00,
    0x00,
    0x00,
    0x00,
    0x00,
    0x00,
    0x00,
    0x00,
    0x00,
    0x00,
    0x00,
    0x00,
    0x00,
    0x00,
    0x00,
    0x00,
    0x00,
    0x00,
    0x00,
    0x00,
    0x00,
    0x00,
    0x00,
    0x00,
    0x00,
    0x00,
    0x00,
    0x00,
    0x00,
    0x00,
    0x00,
    0x00,
    0x00,
    0x00,
    0x00,
    0x00,
    0x00,
    0x00,
    0x00,
    0x00,
    0x00,
    0xed,
    0x7c,
    0x4e,
    0xbb,
    0xdc,
    0xa3,
    0x90,
    0x71,
    0xf9,
    0x00,
    0x00,
    0x00,
    0x00,
    0x00,
    0x00,
    0x00,
    0x00,
    0x00,
    0x00,
    0x00,
    0x00,
    0x00,
    0x00,
    0x00,
    0x00,
    0x00,
    0x00,
    0x00,
    0x00,
    0x00,
    0x00,
    0x00,
    0x00,
    0x00,
    0x00,
    0x00,
    0x00,
    0x00,
    0x00,
    0x00,
    0x00,
    0x00,
    0x00,
    0x00,
    0x00,
    0x00,
    0x00,
    0x00,
    0xf2,
    0x9a,
    0x92,
    0x8f,
    0x8b,
    0x8f,
    0x8f,
    0x8f,
    0x8f,
    0x92,
    0x98,
    0x93,
    0x8a,
    0xeb,
    0x00,
    0x00,
    0x00,
    0x00,
    0x00,
    0x00,
    0x00,
    0x00,
    0x00,
    0x00,
    0x00,
    0x00,
    0x00,
    0x00,
    0x00,
    0x00,
    0x00,
    0xff,
    0xc2,
    0x9c,
    0x93,
    0x93,
    0x93,
    0x9a,
    0x9c,
    0x9a,
    0x9a,
    0xa0,
    0xa0,
    0xbc,
    0x00,
    0x00,
    0x00,
    0x00,
    0x00,
    0x00,
    0x00,
    0x00,
    0x00,
    0xe1,
    0xbd,
    0xa3,
    0x9b,
    0xbe,
    0xfd,
    0x00,
    0x00,
    0x00,
    0x00,
    0x00,
    0x00,
    0x00,
    0xf4,
    0xdf,
    0xd2,
    0xe1,
    0xf7,
    0xff,
    0x00,
    0x00,
    0x00,
    0x00,
    0x00,
    0x00,
    0x00,
    0x00,
    0x00,
    0x00,
    0x00,
    0x00,
    0x00,
    0x00,
    0x00,
    0x00,
    0x00,
    0x00,
    0x00,
    0x00,
    0x00,
    0xff,
    0xfb,
    0xfa,
    0xff,
    0xfe,
    0xc2,
    0x87,
    0x87,
    0x47,
    0x40,
    0xfc,
    0x00,
    0x00,
    0x00,
    0x00,
    0x00,
    0xff,
    0xb7,
    0x92,
    0x8b,
    0x8b,
    0x83,
    0x83,
    0x83,
    0x83,
    0x83,
    0x84,
    0x8f,
    0x93,
    0x93,
    0x9a,
    0x9a,
    0x9c,
    0x9c,
    0xa4,
    0xa4,
    0xac,
    0xac,
    0xac,
    0xf0,
    0x00,
    0x00,
    0x00,
    0x00,
    0x00,
    0x00,
    0x00,
    0x00,
    0x00,
    0x00,
    0x00,
    0x00,
    0x00,
    0x00,
    0x00,
    0x00,
    0x00,
    0x00,
    0x00,
    0xff,
    0xc8,
    0x75,
    0x5e,
    0x44,
    0x28,
    0x16,
    0x28,
    0x5e,
    0x87,
    0x8f,
    0x87,
    0x83,
    0x87,
    0x84,
    0x8b,
    0x87,
    0x68,
    0x28,
    0x07,
    0x5c,
    0xf8,
    0x00,
    0x00,
    0x00,
    0x00,
    0x00,
    0x00,
    0x00,
    0x00,
    0x00,
    0x00,
    0x00,
    0x00,
    0x00,
    0x00,
    0x00,
    0x00,
    0x00,
    0x00,
    0x00,
    0x00,
    0x00,
    0x00,
    0xfd,
    0xed,
    0xdf,
    0xee,
    0xfb,
    0x00,
    0x00,
    0x00,
    0x00,
    0x00,
    0x00,
    0x00,
    0x00,
    0x00,
    0x00,
    0x00,
    0x00,
    0x00,
    0x00,
    0x00,
    0x00,
    0x00,
    0x00,
    0x00,
    0x00,
    0x00,
    0x00,
    0x00,
    0x00,
    0x00,
    0x00,
    0xfe,
    0xee,
    0xe1,
    0xed,
    0xfd,
    0x00,
    0x00,
    0x00,
    0x00,
    0x00,
    0x00,
    0x00,
    0x00,
    0x00,
    0x00,
    0x00,
    0x00,
    0x00,
    0x00,
    0x00,
    0x00,
    0x00,
    0x00,
    0x00,
    0xfd,
    0xa2,
    0x5e,
    0x28,
    0x63,
    0x8f,
    0x87,
    0x7e,
    0x17,
    0xc7,
    0x00,
    0x00,
    0x00,
    0x00,
    0x00,
    0x00,
    0x00,
    0x00,
    0x00,
    0x00,
    0x00,
    0x00,
    0x00,
    0x00,
    0x00,
    0x00,
    0x00,
    0x00,
    0x00,
    0x00,
    0x00,
    0x00,
    0x00,
    0x00,
    0x00,
    0x00,
    0x00,
    0x00,
    0x00,
    0x00,
    0x00,
    0x00,
    0x00,
    0x00,
    0x00,
    0x00,
    0x00,
    0x00,
    0x00,
    0xff,
    0xc2,
    0x9c,
    0x93,
    0x93,
    0x93,
    0x9a,
    0x9c,
    0x9a,
    0xa0,
    0x9b,
    0xa4,
    0xbe,
    0x00,
    0x00,
    0x00,
    0x00,
    0x00,
    0x00,
    0x00,
    0x00,
    0x00,
    0x00,
    0x00,
    0x00,
    0x00,
    0x00,
    0x00,
    0x00,
    0x00,
    0x00,
    0x00,
    0xfa,
    0xb0,
    0x9c,
    0x8f,
    0x92,
    0x98,
    0x9c,
    0xac,
    0xac,
    0xa5,
    0xc3,
    0xfe,
    0x00,
    0x00,
    0x00,
    0x00,
    0x00,
    0x00,
    0x00,
    0x00,
    0x00,
    0x00,
    0x00,
    0xff,
    0xfe,
    0xff,
    0x00,
    0x00,
    0x00,
    0x00,
    0x00,
    0x00,
    0xff,
    0xbd,
    0x79,
    0x67,
    0x5a,
    0x5a,
    0x6d,
    0xa3,
    0xf2,
    0x00,
    0x00,
    0x00,
    0x00,
    0x00,
    0x00,
    0x00,
    0x00,
    0x00,
    0x00,
    0x00,
    0x00,
    0x00,
    0x00,
    0x00,
    0x00,
    0x00,
    0x00,
    0x00,
    0xee,
    0x85,
    0x50,
    0x57,
    0x9e,
    0xc2,
    0x84,
    0x84,
    0x87,
    0x3b,
    0x08,
    0xb5,
    0x00,
    0x00,
    0x00,
    0x00,
    0x00,
    0x00,
    0xfa,
    0x9c,
    0x92,
    0x8f,
    0x8f,
    0x8b,
    0x87,
    0x8b,
    0x8b,
    0x8f,
    0x93,
    0x93,
    0x9a,
    0x9c,
    0x9c,
    0xa5,
    0xa4,
    0xac,
    0xb2,
    0xac,
    0xb2,
    0xca,
    0x00,
    0x00,
    0x00,
    0x00,
    0x00,
    0x00,
    0x00,
    0x00,
    0x00,
    0x00,
    0x00,
    0x00,
    0x00,
    0x00,
    0x00,
    0x00,
    0x00,
    0x00,
    0x00,
    0x00,
    0xe9,
    0x7e,
    0x6d,
    0x50,
    0x3e,
    0x1e,
    0x10,
    0x15,
    0x4c,
    0x78,
    0x8b,
    0x8b,
    0x8f,
    0x8b,
    0x8f,
    0x8f,
    0x92,
    0x7e,
    0x50,
    0x1b,
    0x7a,
    0xf5,
    0x00,
    0x00,
    0x00,
    0x00,
    0x00,
    0x00,
    0x00,
    0x00,
    0x00,
    0x00,
    0x00,
    0x00,
    0x00,
    0x00,
    0x00,
    0x00,
    0x00,
    0x00,
    0x00,
    0x00,
    0x00,
    0xf4,
    0x93,
    0x78,
    0x67,
    0x67,
    0x78,
    0xbb,
    0xfb,
    0x00,
    0x00,
    0x00,
    0x00,
    0x00,
    0x00,
    0x00,
    0x00,
    0x00,
    0x00,
    0x00,
    0x00,
    0x00,
    0x00,
    0x00,
    0x00,
    0x00,
    0x00,
    0x00,
    0x00,
    0x00,
    0x00,
    0x00,
    0xfd,
    0xb4,
    0x6e,
    0x4c,
    0x4b,
    0x94,
    0xfa,
    0xee,
    0xd4,
    0xd4,
    0xee,
    0xff,
    0x00,
    0x00,
    0x00,
    0x00,
    0x00,
    0x00,
    0x00,
    0x00,
    0x00,
    0x00,
    0x00,
    0x00,
    0x00,
    0xfe,
    0xaa,
    0x7e,
    0x78,
    0x87,
    0x8b,
    0x8f,
    0x93,
    0x54,
    0xe5,
    0x00,
    0x00,
    0x00,
    0x00,
    0x00,
    0x00,
    0x00,
    0x00,
    0x00,
    0x00,
    0x00,
    0x00,
    0x00,
    0x00,
    0x00,
    0x00,
    0x00,
    0x00,
    0x00,
    0x00,
    0x00,
    0x00,
    0x00,
    0x00,
    0x00,
    0x00,
    0x00,
    0x00,
    0x00,
    0x00,
    0x00,
    0x00,
    0x00,
    0x00,
    0x00,
    0x00,
    0x00,
    0x00,
    0x00,
    0x00,
    0xf7,
    0xb7,
    0x9c,
    0x8f,
    0x92,
    0x98,
    0xa0,
    0xa5,
    0xac,
    0xac,
    0xc3,
    0xfe,
    0x00,
    0x00,
    0x00,
    0x00,
    0x00,
    0x00,
    0x00,
    0x00,
    0x00,
    0x00,
    0x00,
    0x00,
    0x00,
    0x00,
    0x00,
    0x00,
    0x00,
    0x00,
    0x00,
    0x00,
    0xf2,
    0xa5,
    0x9b,
    0x9b,
    0xa4,
    0xb2,
    0xb2,
    0xbe,
    0xdd,
    0xfd,
    0x00,
    0x00,
    0x00,
    0x00,
    0x00,
    0x00,
    0x00,
    0x00,
    0x00,
    0x00,
    0x00,
    0x00,
    0x00,
    0x00,
    0x00,
    0x00,
    0x00,
    0x00,
    0x00,
    0x00,
    0x00,
    0xe1,
    0x8f,
    0x7e,
    0x5a,
    0x3e,
    0x1d,
    0x1b,
    0x5e,
    0x97,
    0xfd,
    0xf2,
    0xc8,
    0xc5,
    0xdc,
    0xf4,
    0xff,
    0x00,
    0x00,
    0x00,
    0x00,
    0x00,
    0x00,
    0x00,
    0x00,
    0x00,
    0x00,
    0x00,
    0xf2,
    0x7a,
    0x50,
    0x25,
    0x18,
    0x5e,
    0x87,
    0x8b,
    0x8f,
    0x8f,
    0x78,
    0x25,
    0xad,
    0x00,
    0x00,
    0x00,
    0x00,
    0x00,
    0x00,
    0x00,
    0xed,
    0xa5,
    0x93,
    0x92,
    0x93,
    0x92,
    0x93,
    0x8f,
    0x93,
    0x8f,
    0x93,
    0x93,
    0x98,
    0x9a,
    0xa0,
    0xa5,
    0xac,
    0xb2,
    0xb2,
    0xba,
    0xfa,
    0x00,
    0x00,
    0x00,
    0x00,
    0x00,
    0x00,
    0x00,
    0x00,
    0x00,
    0x00,
    0x00,
    0x00,
    0x00,
    0x00,
    0x00,
    0x00,
    0x00,
    0x00,
    0x00,
    0x00,
    0xb0,
    0x8b,
    0x7e,
    0x68,
    0x57,
    0x44,
    0x37,
    0x46,
    0x68,
    0x7e,
    0x8b,
    0x8f,
    0x8f,
    0x8f,
    0x93,
    0x93,
    0x93,
    0x8f,
    0x68,
    0x56,
    0x93,
    0xf2,
    0x00,
    0x00,
    0x00,
    0x00,
    0x00,
    0x00,
    0x00,
    0x00,
    0x00,
    0x00,
    0x00,
    0x00,
    0x00,
    0x00,
    0x00,
    0x00,
    0x00,
    0x00,
    0x00,
    0x00,
    0xff,
    0x9e,
    0x8b,
    0x78,
    0x57,
    0x35,
    0x2e,
    0x57,
    0x97,
    0xfa,
    0x00,
    0x00,
    0x00,
    0x00,
    0x00,
    0x00,
    0x00,
    0x00,
    0x00,
    0x00,
    0x00,
    0x00,
    0x00,
    0x00,
    0x00,
    0x00,
    0x00,
    0x00,
    0x00,
    0x00,
    0x00,
    0x00,
    0xdf,
    0x87,
    0x72,
    0x35,
    0x12,
    0x44,
    0xa2,
    0x87,
    0x83,
    0x87,
    0x72,
    0x6b,
    0xff,
    0x00,
    0x00,
    0x00,
    0x00,
    0x00,
    0x00,
    0x00,
    0x00,
    0x00,
    0x00,
    0x00,
    0x00,
    0x00,
    0xd0,
    0x83,
    0x83,
    0x83,
    0x84,
    0x8f,
    0x93,
    0xaf,
    0xfa,
    0x00,
    0x00,
    0x00,
    0x00,
    0x00,
    0x00,
    0x00,
    0x00,
    0x00,
    0x00,
    0x00,
    0x00,
    0x00,
    0x00,
    0x00,
    0x00,
    0x00,
    0x00,
    0x00,
    0x00,
    0x00,
    0x00,
    0x00,
    0x00,
    0x00,
    0x00,
    0x00,
    0x00,
    0x00,
    0x00,
    0x00,
    0x00,
    0x00,
    0x00,
    0x00,
    0x00,
    0x00,
    0x00,
    0x00,
    0x00,
    0x00,
    0xf2,
    0xa5,
    0x98,
    0x9b,
    0xac,
    0xac,
    0xba,
    0xba,
    0xdd,
    0xfd,
    0x00,
    0x00,
    0x00,
    0x00,
    0x00,
    0x00,
    0x00,
    0x00,
    0x00,
    0x00,
    0x00,
    0x00,
    0x00,
    0x00,
    0x00,
    0x00,
    0x00,
    0x00,
    0x00,
    0x00,
    0x00,
    0x00,
    0xeb,
    0xaf,
    0xac,
    0xba,
    0xbe,
    0xd8,
    0xf5,
    0xff,
    0x00,
    0x00,
    0x00,
    0x00,
    0x00,
    0x00,
    0x00,
    0x00,
    0x00,
    0x00,
    0x00,
    0x00,
    0x00,
    0x00,
    0x00,
    0x00,
    0x00,
    0x00,
    0x00,
    0x00,
    0x00,
    0xff,
    0xd0,
    0x8b,
    0x87,
    0x72,
    0x4c,
    0x23,
    0x10,
    0x37,
    0x7e,
    0xce,
    0x8f,
    0x84,
    0x83,
    0x87,
    0x8b,
    0xbb,
    0xfb,
    0x00,
    0x00,
    0x00,
    0x00,
    0x00,
    0x00,
    0x00,
    0x00,
    0x00,
    0x00,
    0xce,
    0x87,
    0x72,
    0x54,
    0x57,
    0x7e,
    0x8b,
    0x8f,
    0x8f,
    0x98,
    0x8f,
    0x78,
    0xc8,
    0x00,
    0x00,
    0x00,
    0x00,
    0x00,
    0x00,
    0x00,
    0x00,
    0xe9,
    0x9c,
    0x9a,
    0x98,
    0x9a,
    0x93,
    0x93,
    0x93,
    0x8f,
    0x8f,
    0x92,
    0x92,
    0x9b,
    0xa4,
    0xb2,
    0xb2,
    0xba,
    0xba,
    0xe7,
    0x00,
    0x00,
    0x00,
    0x00,
    0x00,
    0x00,
    0x00,
    0x00,
    0x00,
    0x00,
    0x00,
    0x00,
    0x00,
    0x00,
    0x00,
    0x00,
    0x00,
    0x00,
    0x00,
    0x00,
    0x00,
    0xaa,
    0x8f,
    0x8b,
    0x7e,
    0x72,
    0x5e,
    0x5c,
    0x72,
    0x87,
    0x8b,
    0x8b,
    0x8b,
    0x8b,
    0x8f,
    0x93,
    0x93,
    0x93,
    0x92,
    0x8f,
    0x8a,
    0x9b,
    0xf7,
    0x00,
    0x00,
    0x00,
    0x00,
    0x00,
    0x00,
    0x00,
    0x00,
    0x00,
    0x00,
    0x00,
    0x00,
    0x00,
    0x00,
    0x00,
    0x00,
    0x00,
    0x00,
    0x00,
    0x00,
    0xf2,
    0x92,
    0x8b,
    0x7e,
    0x5a,
    0x37,
    0x10,
    0x16,
    0x75,
    0xd4,
    0x00,
    0xfe,
    0xfe,
    0x00,
    0x00,
    0x00,
    0x00,
    0x00,
    0x00,
    0x00,
    0x00,
    0x00,
    0x00,
    0x00,
    0x00,
    0x00,
    0x00,
    0x00,
    0x00,
    0x00,
    0x00,
    0x00,
    0xdc,
    0x8b,
    0x7e,
    0x68,
    0x5a,
    0x78,
    0x87,
    0x8b,
    0x8b,
    0x87,
    0x56,
    0x03,
    0xae,
    0x00,
    0x00,
    0x00,
    0x00,
    0x00,
    0x00,
    0x00,
    0x00,
    0x00,
    0x00,
    0x00,
    0x00,
    0x00,
    0xfb,
    0x9c,
    0x92,
    0x8f,
    0x9a,
    0xa4,
    0xa4,
    0xeb,
    0x00,
    0x00,
    0x00,
    0x00,
    0x00,
    0xfe,
    0xf4,
    0xf4,
    0xff,
    0x00,
    0x00,
    0x00,
    0x00,
    0x00,
    0x00,
    0x00,
    0x00,
    0x00,
    0x00,
    0x00,
    0x00,
    0x00,
    0x00,
    0x00,
    0x00,
    0x00,
    0x00,
    0x00,
    0x00,
    0x00,
    0x00,
    0x00,
    0x00,
    0x00,
    0x00,
    0x00,
    0x00,
    0x00,
    0x00,
    0x00,
    0x00,
    0x00,
    0x00,
    0xeb,
    0xaf,
    0xb2,
    0xb2,
    0xc3,
    0xd8,
    0xf5,
    0xff,
    0x00,
    0x00,
    0x00,
    0x00,
    0x00,
    0x00,
    0x00,
    0x00,
    0x00,
    0x00,
    0x00,
    0x00,
    0x00,
    0x00,
    0x00,
    0x00,
    0x00,
    0x00,
    0x00,
    0x00,
    0x00,
    0x00,
    0x00,
    0x00,
    0xf7,
    0xd8,
    0xf0,
    0xfb,
    0x00,
    0x00,
    0x00,
    0x00,
    0x00,
    0x00,
    0x00,
    0x00,
    0x00,
    0x00,
    0x00,
    0x00,
    0x00,
    0x00,
    0x00,
    0x00,
    0x00,
    0x00,
    0x00,
    0x00,
    0x00,
    0x00,
    0x00,
    0x00,
    0xfe,
    0xbd,
    0x8b,
    0x87,
    0x7e,
    0x63,
    0x50,
    0x46,
    0x5e,
    0x79,
    0x8b,
    0x84,
    0x84,
    0x84,
    0x8b,
    0x78,
    0x57,
    0x6f,
    0xf6,
    0x00,
    0x00,
    0x00,
    0x00,
    0x00,
    0x00,
    0x00,
    0x00,
    0x00,
    0xe9,
    0x8f,
    0x8b,
    0x87,
    0x87,
    0x84,
    0x83,
    0x83,
    0x8b,
    0x92,
    0x98,
    0x9b,
    0xe4,
    0x00,
    0x00,
    0x00,
    0x00,
    0x00,
    0x00,
    0x00,
    0x00,
    0x00,
    0xf2,
    0xaa,
    0xa3,
    0x9c,
    0xa3,
    0x9a,
    0x93,
    0x92,
    0x92,
    0x92,
    0x98,
    0xa0,
    0xac,
    0xb2,
    0xba,
    0xba,
    0xda,
    0xff,
    0x00,
    0x00,
    0x00,
    0x00,
    0x00,
    0x00,
    0x00,
    0x00,
    0x00,
    0x00,
    0x00,
    0x00,
    0x00,
    0x00,
    0x00,
    0x00,
    0x00,
    0x00,
    0x00,
    0x00,
    0x00,
    0xc5,
    0x8b,
    0x8b,
    0x87,
    0x87,
    0x82,
    0x87,
    0x87,
    0x8b,
    0x84,
    0x84,
    0x83,
    0x84,
    0x8b,
    0x8b,
    0x93,
    0x93,
    0x98,
    0x98,
    0x9b,
    0xa4,
    0xfd,
    0x00,
    0x00,
    0x00,
    0x00,
    0x00,
    0x00,
    0x00,
    0x00,
    0x00,
    0x00,
    0x00,
    0x00,
    0x00,
    0x00,
    0x00,
    0x00,
    0x00,
    0x00,
    0x00,
    0x00,
    0xdc,
    0x8b,
    0x8b,
    0x87,
    0x72,
    0x4c,
    0x2c,
    0x2a,
    0x63,
    0xa2,
    0xc5,
    0x93,
    0x8f,
    0xb0,
    0xe9,
    0xff,
    0x00,
    0x00,
    0x00,
    0x00,
    0x00,
    0x00,
    0x00,
    0x00,
    0x00,
    0x00,
    0x00,
    0x00,
    0x00,
    0x00,
    0x00,
    0x00,
    0xe1,
    0x8b,
    0x84,
    0x8b,
    0x8b,
    0x84,
    0x8b,
    0x8f,
    0x8f,
    0x93,
    0x75,
    0x13,
    0xcc,
    0x00,
    0x00,
    0x00,
    0x00,
    0x00,
    0x00,
    0x00,
    0x00,
    0x00,
    0x00,
    0x00,
    0x00,
    0x00,
    0x00,
    0xf7,
    0xb4,
    0x93,
    0x9a,
    0xb2,
    0xe4,
    0xff,
    0x00,
    0x00,
    0x00,
    0x00,
    0xe9,
    0x9a,
    0x6d,
    0x5e,
    0x73,
    0xbb,
    0xfb,
    0x00,
    0x00,
    0x00,
    0x00,
    0x00,
    0x00,
    0x00,
    0x00,
    0x00,
    0x00,
    0x00,
    0x00,
    0x00,
    0x00,
    0x00,
    0x00,
    0x00,
    0x00,
    0x00,
    0x00,
    0x00,
    0x00,
    0x00,
    0x00,
    0x00,
    0x00,
    0x00,
    0x00,
    0x00,
    0x00,
    0x00,
    0x00,
    0x00,
    0xf7,
    0xd8,
    0xf0,
    0xfb,
    0x00,
    0x00,
    0x00,
    0x00,
    0x00,
    0x00,
    0x00,
    0x00,
    0x00,
    0x00,
    0x00,
    0x00,
    0x00,
    0x00,
    0x00,
    0x00,
    0x00,
    0x00,
    0x00,
    0x00,
    0x00,
    0x00,
    0x00,
    0x00,
    0x00,
    0x00,
    0x00,
    0x00,
    0x00,
    0x00,
    0x00,
    0x00,
    0x00,
    0x00,
    0x00,
    0x00,
    0x00,
    0x00,
    0x00,
    0x00,
    0x00,
    0x00,
    0x00,
    0x00,
    0x00,
    0x00,
    0x00,
    0x00,
    0x00,
    0x00,
    0x00,
    0x00,
    0x00,
    0x00,
    0x00,
    0xfe,
    0xbd,
    0x8b,
    0x84,
    0x87,
    0x7e,
    0x78,
    0x7e,
    0x82,
    0x87,
    0x8f,
    0x8b,
    0x87,
    0x84,
    0x8b,
    0x68,
    0x15,
    0x08,
    0x70,
    0x00,
    0x00,
    0x00,
    0x00,
    0x00,
    0x00,
    0x00,
    0x00,
    0x00,
    0xfd,
    0xa3,
    0x84,
    0x83,
    0x83,
    0x83,
    0x84,
    0x8b,
    0x93,
    0x98,
    0x9b,
    0xac,
    0xf7,
    0x00,
    0x00,
    0x00,
    0x00,
    0x00,
    0x00,
    0x00,
    0x00,
    0x00,
    0x00,
    0xfa,
    0xc6,
    0xa3,
    0xa3,
    0xa3,
    0x9a,
    0x93,
    0x92,
    0x98,
    0x9b,
    0xac,
    0xb2,
    0xba,
    0xba,
    0xd3,
    0xfe,
    0x00,
    0x00,
    0x00,
    0x00,
    0x00,
    0x00,
    0xfd,
    0xd9,
    0xbb,
    0xd1,
    0xf4,
    0x00,
    0x00,
    0x00,
    0x00,
    0x00,
    0x00,
    0x00,
    0x00,
    0x00,
    0x00,
    0x00,
    0xf2,
    0x8f,
    0x8b,
    0x84,
    0x84,
    0x84,
    0x8b,
    0x84,
    0x84,
    0x83,
    0x83,
    0x83,
    0x83,
    0x8b,
    0x8b,
    0x92,
    0x93,
    0x98,
    0x9b,
    0xa0,
    0xbc,
    0x00,
    0x00,
    0x00,
    0x00,
    0x00,
    0x00,
    0x00,
    0x00,
    0x00,
    0x00,
    0x00,
    0x00,
    0x00,
    0x00,
    0x00,
    0x00,
    0x00,
    0x00,
    0x00,
    0x00,
    0x00,
    0xd0,
    0x8b,
    0x83,
    0x87,
    0x87,
    0x72,
    0x68,
    0x68,
    0x79,
    0x8b,
    0x84,
    0x84,
    0x84,
    0x84,
    0x8f,
    0xc2,
    0xfe,
    0x00,
    0x00,
    0x00,
    0x00,
    0x00,
    0x00,
    0x00,
    0x00,
    0x00,
    0x00,
    0x00,
    0x00,
    0x00,
    0x00,
    0x00,
    0xf7,
    0x8f,
    0x84,
    0x83,
    0x83,
    0x83,
    0x83,
    0x8b,
    0x92,
    0x93,
    0x7e,
    0x66,
    0xf2,
    0x00,
    0x00,
    0x00,
    0x00,
    0x00,
    0x00,
    0x00,
    0x00,
    0x00,
    0x00,
    0x00,
    0x00,
    0x00,
    0x00,
    0x00,
    0xfa,
    0xd0,
    0xca,
    0xf0,
    0xff,
    0x00,
    0x00,
    0x00,
    0x00,
    0xff,
    0xa3,
    0x87,
    0x63,
    0x3e,
    0x23,
    0x4c,
    0xb0,
    0xff,
    0x00,
    0xff,
    0x00,
    0x00,
    0x00,
    0x00,
    0x00,
    0x00,
    0x00,
    0x00,
    0x00,
    0x00,
    0x00,
    0x00,
    0x00,
    0x00,
    0x00,
    0x00,
    0x00,
    0x00,
    0x00,
    0x00,
    0x00,
    0x00,
    0x00,
    0x00,
    0x00,
    0x00,
    0x00,
    0x00,
    0x00,
    0x00,
    0x00,
    0x00,
    0x00,
    0x00,
    0x00,
    0x00,
    0x00,
    0x00,
    0x00,
    0x00,
    0x00,
    0x00,
    0x00,
    0x00,
    0x00,
    0x00,
    0x00,
    0x00,
    0x00,
    0x00,
    0x00,
    0x00,
    0x00,
    0x00,
    0x00,
    0x00,
    0x00,
    0x00,
    0x00,
    0x00,
    0x00,
    0x00,
    0x00,
    0x00,
    0x00,
    0x00,
    0x00,
    0x00,
    0x00,
    0x00,
    0x00,
    0x00,
    0x00,
    0x00,
    0x00,
    0x00,
    0x00,
    0x00,
    0x00,
    0x00,
    0x00,
    0x00,
    0x00,
    0x00,
    0x00,
    0x00,
    0x00,
    0x00,
    0x00,
    0xff,
    0xcd,
    0x87,
    0x83,
    0x83,
    0x8b,
    0x8b,
    0x84,
    0x84,
    0x84,
    0x8b,
    0x8f,
    0x92,
    0x8f,
    0x8f,
    0x78,
    0x23,
    0x06,
    0x5b,
    0x00,
    0x00,
    0x00,
    0x00,
    0x00,
    0x00,
    0x00,
    0x00,
    0x00,
    0x00,
    0xee,
    0x93,
    0x8b,
    0x84,
    0x8b,
    0x93,
    0x9a,
    0x9c,
    0xa4,
    0xac,
    0xcd,
    0x00,
    0x00,
    0x00,
    0x00,
    0x00,
    0x00,
    0x00,
    0x00,
    0x00,
    0x00,
    0x00,
    0x00,
    0xff,
    0xe9,
    0xbe,
    0xaa,
    0xa4,
    0x9b,
    0x9b,
    0xa0,
    0xac,
    0xb2,
    0xba,
    0xbe,
    0xd8,
    0xfe,
    0x00,
    0x00,
    0x00,
    0x00,
    0x00,
    0x00,
    0xfe,
    0xb0,
    0x72,
    0x46,
    0x2a,
    0x5a,
    0xd2,
    0xfe,
    0xed,
    0xed,
    0xfa,
    0xff,
    0x00,
    0x00,
    0x00,
    0x00,
    0x00,
    0xff,
    0xb7,
    0x8b,
    0x84,
    0x83,
    0x83,
    0x83,
    0x83,
    0x83,
    0x83,
    0x83,
    0x87,
    0x8b,
    0x8f,
    0x93,
    0x98,
    0x9a,
    0xa0,
    0xa4,
    0xa4,
    0xe7,
    0x00,
    0x00,
    0x00,
    0x00,
    0x00,
    0x00,
    0x00,
    0x00,
    0x00,
    0x00,
    0x00,
    0x00,
    0x00,
    0x00,
    0x00,
    0x00,
    0x00,
    0x00,
    0x00,
    0x00,
    0x00,
    0xcd,
    0x87,
    0x84,
    0x83,
    0x8b,
    0x87,
    0x8b,
    0x87,
    0x8b,
    0x87,
    0x8b,
    0x8b,
    0x84,
    0x8b,
    0x78,
    0x67,
    0xa8,
    0xff,
    0x00,
    0x00,
    0x00,
    0x00,
    0x00,
    0x00,
    0x00,
    0x00,
    0x00,
    0x00,
    0x00,
    0x00,
    0x00,
    0x00,
    0x00,
    0xbc,
    0x92,
    0x87,
    0x8b,
    0x8f,
    0x8f,
    0x8f,
    0x93,
    0x98,
    0x9b,
    0xb7,
    0xff,
    0x00,
    0x00,
    0x00,
    0x00,
    0x00,
    0x00,
    0x00,
    0x00,
    0x00,
    0x00,
    0x00,
    0x00,
    0x00,
    0x00,
    0x00,
    0x00,
    0x00,
    0xff,
    0x00,
    0x00,
    0x00,
    0x00,
    0x00,
    0x00,
    0xf7,
    0x8f,
    0x8b,
    0x72,
    0x4c,
    0x18,
    0x21,
    0x79,
    0xee,
    0xb4,
    0xaa,
    0xd4,
    0xfb,
    0x00,
    0x00,
    0x00,
    0x00,
    0x00,
    0x00,
    0x00,
    0x00,
    0x00,
    0x00,
    0x00,
    0x00,
    0x00,
    0x00,
    0x00,
    0x00,
    0x00,
    0x00,
    0x00,
    0x00,
    0x00,
    0x00,
    0x00,
    0x00,
    0x00,
    0x00,
    0x00,
    0x00,
    0x00,
    0x00,
    0x00,
    0x00,
    0x00,
    0x00,
    0x00,
    0x00,
    0x00,
    0x00,
    0x00,
    0x00,
    0x00,
    0x00,
    0x00,
    0x00,
    0x00,
    0x00,
    0x00,
    0x00,
    0x00,
    0x00,
    0x00,
    0x00,
    0x00,
    0x00,
    0x00,
    0x00,
    0x00,
    0x00,
    0x00,
    0x00,
    0x00,
    0x00,
    0x00,
    0x00,
    0x00,
    0x00,
    0x00,
    0x00,
    0x00,
    0x00,
    0x00,
    0x00,
    0x00,
    0x00,
    0x00,
    0x00,
    0x00,
    0x00,
    0x00,
    0x00,
    0x00,
    0x00,
    0x00,
    0x00,
    0x00,
    0x00,
    0x00,
    0x00,
    0xdc,
    0x92,
    0x84,
    0x83,
    0x83,
    0x84,
    0x83,
    0x83,
    0x83,
    0x8b,
    0x87,
    0x93,
    0x93,
    0x8f,
    0x7e,
    0x2e,
    0x13,
    0x91,
    0x00,
    0x00,
    0x00,
    0x00,
    0x00,
    0x00,
    0x00,
    0x00,
    0x00,
    0x00,
    0xff,
    0xdf,
    0x9a,
    0x93,
    0x93,
    0x8f,
    0x92,
    0x9c,
    0xb2,
    0xbe,
    0xfa,
    0x00,
    0x00,
    0x00,
    0x00,
    0x00,
    0x00,
    0x00,
    0x00,
    0x00,
    0x00,
    0x00,
    0x00,
    0x00,
    0x00,
    0xfd,
    0xe4,
    0xb7,
    0xa4,
    0xa4,
    0xac,
    0xb2,
    0xba,
    0xbe,
    0xd8,
    0xfd,
    0x00,
    0x00,
    0x00,
    0x00,
    0x00,
    0x00,
    0x00,
    0xf7,
    0x8f,
    0x7e,
    0x50,
    0x1e,
    0x2a,
    0x8a,
    0xaa,
    0x84,
    0x83,
    0x82,
    0xce,
    0xff,
    0x00,
    0x00,
    0x00,
    0x00,
    0x00,
    0xf1,
    0x92,
    0x8b,
    0x83,
    0x83,
    0x83,
    0x83,
    0x83,
    0x83,
    0x8f,
    0x93,
    0x93,
    0x9a,
    0x9a,
    0xa0,
    0xa4,
    0xa4,
    0xac,
    0xb2,
    0xfb,
    0x00,
    0x00,
    0x00,
    0x00,
    0x00,
    0x00,
    0x00,
    0x00,
    0x00,
    0x00,
    0x00,
    0x00,
    0x00,
    0x00,
    0x00,
    0x00,
    0x00,
    0x00,
    0x00,
    0x00,
    0x00,
    0xd4,
    0x92,
    0x84,
    0x83,
    0x83,
    0x84,
    0x84,
    0x84,
    0x84,
    0x8f,
    0x8f,
    0x8f,
    0x8b,
    0x8b,
    0x68,
    0x19,
    0x13,
    0xec,
    0x00,
    0x00,
    0x00,
    0x00,
    0x00,
    0x00,
    0x00,
    0x00,
    0x00,
    0x00,
    0x00,
    0x00,
    0x00,
    0x00,
    0x00,
    0xf7,
    0xa3,
    0x98,
    0x93,
    0x93,
    0x9a,
    0x9c,
    0xa0,
    0xa0,
    0xac,
    0xf4,
    0x00,
    0x00,
    0x00,
    0x00,
    0x00,
    0x00,
    0x00,
    0x00,
    0x00,
    0x00,
    0x00,
    0x00,
    0x00,
    0x00,
    0x00,
    0x00,
    0x00,
    0x00,
    0x00,
    0x00,
    0x00,
    0x00,
    0x00,
    0x00,
    0x00,
    0xe9,
    0x87,
    0x8b,
    0x7e,
    0x72,
    0x54,
    0x5a,
    0x79,
    0x8f,
    0x84,
    0x84,
    0x84,
    0x9a,
    0xee,
    0x00,
    0x00,
    0x00,
    0x00,
    0x00,
    0x00,
    0x00,
    0x00,
    0x00,
    0x00,
    0x00,
    0x00,
    0x00,
    0x00,
    0x00,
    0x00,
    0x00,
    0x00,
    0x00,
    0x00,
    0x00,
    0x00,
    0x00,
    0x00,
    0x00,
    0x00,
    0x00,
    0x00,
    0x00,
    0x00,
    0x00,
    0x00,
    0x00,
    0x00,
    0x00,
    0x00,
    0x00,
    0x00,
    0x00,
    0x00,
    0x00,
    0x00,
    0x00,
    0x00,
    0x00,
    0x00,
    0x00,
    0x00,
    0x00,
    0x00,
    0x00,
    0x00,
    0x00,
    0x00,
    0x00,
    0x00,
    0x00,
    0x00,
    0x00,
    0x00,
    0x00,
    0x00,
    0x00,
    0x00,
    0x00,
    0x00,
    0x00,
    0x00,
    0x00,
    0x00,
    0x00,
    0x00,
    0x00,
    0x00,
    0x00,
    0x00,
    0x00,
    0x00,
    0x00,
    0x00,
    0x00,
    0x00,
    0x00,
    0x00,
    0x00,
    0x00,
    0x00,
    0xf5,
    0x93,
    0x8f,
    0x8b,
    0x83,
    0x83,
    0x83,
    0x83,
    0x83,
    0x83,
    0x8b,
    0x8f,
    0x93,
    0x93,
    0x78,
    0x44,
    0x66,
    0xdb,
    0x00,
    0x00,
    0x00,
    0x00,
    0x00,
    0x00,
    0x00,
    0x00,
    0x00,
    0x00,
    0x00,
    0x00,
    0xed,
    0xb7,
    0x9c,
    0x93,
    0x98,
    0xac,
    0xbe,
    0xf3,
    0x00,
    0x00,
    0x00,
    0x00,
    0x00,
    0x00,
    0x00,
    0x00,
    0x00,
    0x00,
    0x00,
    0x00,
    0x00,
    0x00,
    0x00,
    0x00,
    0x00,
    0xfe,
    0xed,
    0xcf,
    0xba,
    0xba,
    0xbe,
    0xe7,
    0xff,
    0x00,
    0x00,
    0x00,
    0x00,
    0x00,
    0x00,
    0x00,
    0x00,
    0xf2,
    0x8b,
    0x87,
    0x78,
    0x63,
    0x78,
    0x87,
    0x87,
    0x8b,
    0x84,
    0x78,
    0x12,
    0x5d,
    0x00,
    0x00,
    0x00,
    0x00,
    0x00,
    0x00,
    0xd0,
    0x93,
    0x8f,
    0x8b,
    0x8b,
    0x8b,
    0x87,
    0x92,
    0x93,
    0x93,
    0x9c,
    0x9c,
    0xa5,
    0xa4,
    0xac,
    0xb2,
    0xaf,
    0xdd,
    0x00,
    0x00,
    0x00,
    0x00,
    0x00,
    0x00,
    0x00,
    0x00,
    0x00,
    0x00,
    0x00,
    0x00,
    0x00,
    0x00,
    0x00,
    0x00,
    0x00,
    0x00,
    0x00,
    0x00,
    0x00,
    0x00,
    0xdf,
    0x98,
    0x8f,
    0x84,
    0x83,
    0x83,
    0x83,
    0x83,
    0x83,
    0x8b,
    0x8f,
    0x93,
    0x8f,
    0x8f,
    0x68,
    0x10,
    0x06,
    0xc4,
    0x00,
    0x00,
    0x00,
    0x00,
    0x00,
    0x00,
    0x00,
    0x00,
    0x00,
    0x00,
    0x00,
    0x00,
    0x00,
    0x00,
    0x00,
    0x00,
    0xe9,
    0xa3,
    0x92,
    0x92,
    0x9a,
    0xac,
    0xaf,
    0xba,
    0xed,
    0x00,
    0x00,
    0x00,
    0x00,
    0x00,
    0x00,
    0x00,
    0x00,
    0x00,
    0x00,
    0x00,
    0x00,
    0x00,
    0x00,
    0x00,
    0x00,
    0x00,
    0x00,
    0x00,
    0x00,
    0x00,
    0x00,
    0x00,
    0x00,
    0x00,
    0x00,
    0xe1,
    0x8b,
    0x84,
    0x84,
    0x87,
    0x87,
    0x87,
    0x87,
    0x8b,
    0x87,
    0x84,
    0x87,
    0x63,
    0x49,
    0xe3,
    0x00,
    0x00,
    0x00,
    0x00,
    0x00,
    0x00,
    0x00,
    0x00,
    0x00,
    0x00,
    0x00,
    0x00,
    0x00,
    0x00,
    0x00,
    0x00,
    0x00,
    0x00,
    0x00,
    0x00,
    0x00,
    0x00,
    0x00,
    0x00,
    0x00,
    0x00,
    0x00,
    0x00,
    0x00,
    0x00,
    0x00,
    0x00,
    0x00,
    0x00,
    0x00,
    0x00,
    0x00,
    0x00,
    0x00,
    0x00,
    0x00,
    0x00,
    0x00,
    0x00,
    0x00,
    0x00,
    0x00,
    0x00,
    0x00,
    0x00,
    0x00,
    0x00,
    0x00,
    0x00,
    0x00,
    0x00,
    0x00,
    0x00,
    0x00,
    0x00,
    0x00,
    0x00,
    0x00,
    0x00,
    0x00,
    0x00,
    0x00,
    0x00,
    0x00,
    0x00,
    0x00,
    0x00,
    0x00,
    0x00,
    0x00,
    0x00,
    0x00,
    0x00,
    0x00,
    0x00,
    0x00,
    0x00,
    0x00,
    0x00,
    0x00,
    0x00,
    0xfe,
    0xb0,
    0x98,
    0x92,
    0x8f,
    0x8b,
    0x8f,
    0x8f,
    0x8f,
    0x8f,
    0x87,
    0x92,
    0x92,
    0x98,
    0x92,
    0x8a,
    0xb7,
    0xfd,
    0x00,
    0x00,
    0x00,
    0x00,
    0x00,
    0x00,
    0x00,
    0x00,
    0x00,
    0x00,
    0x00,
    0x00,
    0x00,
    0xfd,
    0xdc,
    0xaf,
    0xac,
    0xbe,
    0xf3,
    0x00,
    0x00,
    0x00,
    0x00,
    0x00,
    0x00,
    0x00,
    0x00,
    0x00,
    0x00,
    0x00,
    0x00,
    0x00,
    0x00,
    0x00,
    0x00,
    0x00,
    0x00,
    0x00,
    0x00,
    0x00,
    0xfd,
    0xf1,
    0xf5,
    0x00,
    0x00,
    0x00,
    0x00,
    0x00,
    0x00,
    0x00,
    0x00,
    0x00,
    0x00,
    0xf7,
    0x8f,
    0x83,
    0x8b,
    0x84,
    0x87,
    0x84,
    0x8f,
    0x8f,
    0x8f,
    0x7e,
    0x11,
    0x38,
    0x00,
    0x00,
    0x00,
    0x00,
    0x00,
    0x00,
    0xfe,
    0xc1,
    0x93,
    0x93,
    0x92,
    0x93,
    0x8f,
    0x93,
    0x8f,
    0x93,
    0x93,
    0x9b,
    0xa4,
    0xac,
    0xb2,
    0xb2,
    0xc3,
    0xfe,
    0x00,
    0x00,
    0x00,
    0x00,
    0x00,
    0x00,
    0x00,
    0x00,
    0x00,
    0x00,
    0x00,
    0x00,
    0x00,
    0x00,
    0x00,
    0x00,
    0x00,
    0x00,
    0x00,
    0x00,
    0x00,
    0x00,
    0xf7,
    0x9c,
    0x98,
    0x8f,
    0x8b,
    0x87,
    0x84,
    0x84,
    0x83,
    0x84,
    0x8f,
    0x93,
    0x93,
    0x8f,
    0x63,
    0x10,
    0x1c,
    0xe8,
    0x00,
    0x00,
    0x00,
    0x00,
    0x00,
    0x00,
    0x00,
    0x00,
    0x00,
    0x00,
    0x00,
    0x00,
    0x00,
    0x00,
    0x00,
    0x00,
    0x00,
    0xdc,
    0xa0,
    0xa0,
    0xac,
    0xba,
    0xcf,
    0xf3,
    0x00,
    0x00,
    0x00,
    0x00,
    0x00,
    0x00,
    0x00,
    0x00,
    0x00,
    0x00,
    0x00,
    0x00,
    0x00,
    0x00,
    0x00,
    0x00,
    0x00,
    0x00,
    0x00,
    0x00,
    0x00,
    0x00,
    0x00,
    0x00,
    0x00,
    0x00,
    0x00,
    0xee,
    0x92,
    0x84,
    0x83,
    0x83,
    0x84,
    0x84,
    0x84,
    0x8f,
    0x8f,
    0x8f,
    0x87,
    0x46,
    0x08,
    0x65,
    0x00,
    0x00,
    0x00,
    0x00,
    0x00,
    0x00,
    0x00,
    0x00,
    0x00,
    0x00,
    0x00,
    0x00,
    0x00,
    0x00,
    0x00,
    0x00,
    0x00,
    0x00,
    0x00,
    0x00,
    0x00,
    0x00,
    0x00,
    0x00,
    0x00,
    0x00,
    0x00,
    0x00,
    0x00,
    0x00,
    0x00,
    0x00,
    0x00,
    0x00,
    0x00,
    0x00,
    0x00,
    0x00,
    0x00,
    0x00,
    0x00,
    0xf2,
    0x8e,
    0x60,
    0xad,
    0xed,
    0xbd,
    0xb0,
    0x99,
    0xff,
    0x00,
    0x00,
    0x00,
    0x00,
    0x00,
    0x00,
    0x00,
    0x00,
    0x00,
    0x00,
    0x00,
    0x00,
    0x00,
    0x00,
    0x00,
    0x00,
    0x00,
    0x00,
    0x00,
    0x00,
    0x00,
    0x00,
    0x00,
    0x00,
    0x00,
    0x00,
    0x00,
    0x00,
    0x00,
    0x00,
    0x00,
    0x00,
    0x00,
    0x00,
    0x00,
    0x00,
    0x00,
    0xe9,
    0xa3,
    0x9a,
    0x93,
    0x93,
    0x93,
    0x9a,
    0x9a,
    0x9a,
    0x98,
    0x98,
    0x9b,
    0x9b,
    0x9b,
    0xa0,
    0xed,
    0x00,
    0x00,
    0x00,
    0x00,
    0x00,
    0x00,
    0x00,
    0x00,
    0x00,
    0x00,
    0x00,
    0x00,
    0x00,
    0x00,
    0x00,
    0x00,
    0xff,
    0xf4,
    0xfd,
    0x00,
    0x00,
    0x00,
    0x00,
    0x00,
    0x00,
    0x00,
    0x00,
    0x00,
    0x00,
    0x00,
    0x00,
    0x00,
    0x00,
    0x00,
    0x00,
    0x00,
    0x00,
    0x00,
    0x00,
    0x00,
    0x00,
    0x00,
    0x00,
    0x00,
    0x00,
    0x00,
    0x00,
    0x00,
    0x00,
    0x00,
    0x00,
    0x00,
    0x00,
    0x00,
    0xfe,
    0xa5,
    0x84,
    0x83,
    0x83,
    0x83,
    0x83,
    0x84,
    0x93,
    0x93,
    0x7e,
    0x2f,
    0xad,
    0x00,
    0x00,
    0x00,
    0x00,
    0x00,
    0x00,
    0x00,
    0xfe,
    0xc5,
    0x9c,
    0x9a,
    0x9a,
    0x9a,
    0x93,
    0x8f,
    0x92,
    0x92,
    0x9a,
    0xac,
    0xb2,
    0xba,
    0xbe,
    0xf7,
    0x00,
    0x00,
    0x00,
    0x00,
    0x00,
    0x00,
    0x00,
    0x00,
    0x00,
    0x00,
    0x00,
    0x00,
    0x00,
    0x00,
    0x00,
    0x00,
    0x00,
    0x00,
    0x00,
    0x00,
    0x00,
    0x00,
    0x00,
    0xff,
    0xb0,
    0xa4,
    0x93,
    0x93,
    0x8f,
    0x93,
    0x93,
    0x8f,
    0x8b,
    0x8f,
    0x92,
    0x98,
    0x87,
    0x56,
    0x3b,
    0x85,
    0xfe,
    0x00,
    0x00,
    0x00,
    0x00,
    0x00,
    0x00,
    0x00,
    0x00,
    0x00,
    0x00,
    0x00,
    0x00,
    0x00,
    0x00,
    0x00,
    0x00,
    0x00,
    0x00,
    0xeb,
    0xc3,
    0xcf,
    0xf3,
    0xff,
    0x00,
    0x00,
    0x00,
    0x00,
    0x00,
    0x00,
    0x00,
    0x00,
    0x00,
    0x00,
    0x00,
    0x00,
    0x00,
    0x00,
    0x00,
    0x00,
    0x00,
    0x00,
    0x00,
    0x00,
    0x00,
    0x00,
    0x00,
    0x00,
    0x00,
    0x00,
    0x00,
    0x00,
    0xfd,
    0x98,
    0x92,
    0x84,
    0x83,
    0x83,
    0x83,
    0x83,
    0x8b,
    0x93,
    0x93,
    0x8f,
    0x4b,
    0x0c,
    0x80,
    0xff,
    0x00,
    0x00,
    0x00,
    0x00,
    0x00,
    0x00,
    0x00,
    0x00,
    0x00,
    0x00,
    0x00,
    0x00,
    0x00,
    0x00,
    0x00,
    0x00,
    0x00,
    0x00,
    0x00,
    0x00,
    0x00,
    0x00,
    0x00,
    0x00,
    0x00,
    0x00,
    0x00,
    0x00,
    0x00,
    0x00,
    0x00,
    0x00,
    0x00,
    0x00,
    0x00,
    0x00,
    0x00,
    0x00,
    0x00,
    0x00,
    0x9e,
    0x63,
    0x2c,
    0x56,
    0x82,
    0x84,
    0x7e,
    0x15,
    0xc7,
    0x00,
    0x00,
    0x00,
    0x00,
    0x00,
    0x00,
    0x00,
    0x00,
    0x00,
    0x00,
    0x00,
    0x00,
    0x00,
    0x00,
    0x00,
    0x00,
    0x00,
    0x00,
    0x00,
    0x00,
    0x00,
    0x00,
    0x00,
    0x00,
    0x00,
    0x00,
    0x00,
    0x00,
    0x00,
    0x00,
    0x00,
    0x00,
    0x00,
    0x00,
    0x00,
    0x00,
    0x00,
    0xfe,
    0xc6,
    0xa3,
    0x9a,
    0x8f,
    0x8f,
    0x93,
    0x9a,
    0xa4,
    0x9c,
    0xa4,
    0xa0,
    0xa0,
    0xac,
    0xd4,
    0xff,
    0x00,
    0x00,
    0x00,
    0x00,
    0x00,
    0x00,
    0x00,
    0x00,
    0x00,
    0x00,
    0x00,
    0x00,
    0x00,
    0x00,
    0x00,
    0x00,
    0x00,
    0x00,
    0x00,
    0x00,
    0x00,
    0x00,
    0x00,
    0x00,
    0x00,
    0x00,
    0x00,
    0x00,
    0x00,
    0x00,
    0x00,
    0x00,
    0x00,
    0x00,
    0x00,
    0x00,
    0x00,
    0x00,
    0x00,
    0x00,
    0x00,
    0x00,
    0x00,
    0x00,
    0x00,
    0x00,
    0x00,
    0x00,
    0x00,
    0x00,
    0x00,
    0x00,
    0x00,
    0x00,
    0x00,
    0xd4,
    0x93,
    0x8f,
    0x87,
    0x8f,
    0x8f,
    0x8b,
    0x92,
    0x93,
    0x98,
    0x8a,
    0xf4,
    0x00,
    0x00,
    0x00,
    0x00,
    0x00,
    0x00,
    0x00,
    0x00,
    0xff,
    0xdd,
    0xa3,
    0xa3,
    0x9c,
    0x9a,
    0x92,
    0x92,
    0x98,
    0xa4,
    0xb2,
    0xba,
    0xbe,
    0xf1,
    0x00,
    0x00,
    0x00,
    0x00,
    0x00,
    0x00,
    0x00,
    0x00,
    0x00,
    0x00,
    0x00,
    0x00,
    0x00,
    0x00,
    0x00,
    0x00,
    0x00,
    0x00,
    0x00,
    0x00,
    0x00,
    0x00,
    0x00,
    0x00,
    0x00,
    0xe4,
    0xa3,
    0x9a,
    0x93,
    0x8f,
    0x9a,
    0x9a,
    0x9a,
    0x98,
    0x93,
    0x98,
    0x93,
    0x98,
    0x7a,
    0x9a,
    0xee,
    0x00,
    0x00,
    0x00,
    0x00,
    0x00,
    0x00,
    0x00,
    0x00,
    0x00,
    0x00,
    0x00,
    0x00,
    0x00,
    0x00,
    0x00,
    0x00,
    0x00,
    0x00,
    0x00,
    0x00,
    0xff,
    0x00,
    0x00,
    0x00,
    0x00,
    0x00,
    0x00,
    0x00,
    0x00,
    0x00,
    0x00,
    0x00,
    0x00,
    0x00,
    0x00,
    0x00,
    0x00,
    0x00,
    0x00,
    0x00,
    0x00,
    0x00,
    0x00,
    0x00,
    0x00,
    0x00,
    0x00,
    0x00,
    0x00,
    0x00,
    0x00,
    0x00,
    0x00,
    0xbd,
    0x9a,
    0x93,
    0x8f,
    0x8f,
    0x8f,
    0x87,
    0x8b,
    0x8f,
    0x93,
    0x87,
    0x4b,
    0x58,
    0xf2,
    0x00,
    0x00,
    0x00,
    0x00,
    0x00,
    0x00,
    0x00,
    0x00,
    0x00,
    0x00,
    0x00,
    0x00,
    0x00,
    0x00,
    0x00,
    0x00,
    0x00,
    0x00,
    0x00,
    0x00,
    0x00,
    0x00,
    0x00,
    0x00,
    0x00,
    0x00,
    0x00,
    0x00,
    0x00,
    0x00,
    0x00,
    0x00,
    0x00,
    0x00,
    0x00,
    0x00,
    0x00,
    0x00,
    0x00,
    0x00,
    0x00,
    0xaa,
    0x87,
    0x78,
    0x7e,
    0x8b,
    0x8f,
    0x8f,
    0x47,
    0xd7,
    0x00,
    0x00,
    0x00,
    0x00,
    0x00,
    0x00,
    0x00,
    0x00,
    0x00,
    0x00,
    0x00,
    0x00,
    0x00,
    0x00,
    0x00,
    0x00,
    0x00,
    0x00,
    0x00,
    0x00,
    0x00,
    0x00,
    0x00,
    0x00,
    0x00,
    0x00,
    0x00,
    0x00,
    0x00,
    0x00,
    0x00,
    0x00,
    0x00,
    0x00,
    0x00,
    0x00,
    0x00,
    0x00,
    0xf2,
    0xb7,
    0x9c,
    0x92,
    0x92,
    0x93,
    0x9b,
    0xa5,
    0xac,
    0xac,
    0xac,
    0xac,
    0xda,
    0xfe,
    0x00,
    0x00,
    0x00,
    0x00,
    0x00,
    0x00,
    0x00,
    0x00,
    0x00,
    0xff,
    0xfd,
    0xfa,
    0xff,
    0x00,
    0x00,
    0x00,
    0x00,
    0x00,
    0x00,
    0x00,
    0x00,
    0x00,
    0x00,
    0x00,
    0x00,
    0x00,
    0x00,
    0x00,
    0x00,
    0x00,
    0x00,
    0x00,
    0x00,
    0x00,
    0x00,
    0x00,
    0x00,
    0x00,
    0x00,
    0x00,
    0x00,
    0x00,
    0x00,
    0x00,
    0x00,
    0x00,
    0x00,
    0x00,
    0x00,
    0x00,
    0x00,
    0x00,
    0x00,
    0x00,
    0x00,
    0x00,
    0xfb,
    0xaa,
    0x98,
    0x93,
    0x93,
    0x9a,
    0x9c,
    0x9a,
    0xa0,
    0x9a,
    0xdd,
    0x00,
    0x00,
    0x00,
    0x00,
    0x00,
    0x00,
    0x00,
    0x00,
    0x00,
    0x00,
    0x00,
    0xf7,
    0xc6,
    0xaa,
    0x9c,
    0x98,
    0x9b,
    0xa4,
    0xb2,
    0xba,
    0xbe,
    0xf1,
    0x00,
    0x00,
    0x00,
    0x00,
    0x00,
    0x00,
    0x00,
    0x00,
    0x00,
    0x00,
    0x00,
    0x00,
    0x00,
    0x00,
    0x00,
    0x00,
    0x00,
    0x00,
    0x00,
    0x00,
    0x00,
    0x00,
    0x00,
    0x00,
    0x00,
    0x00,
    0xfd,
    0xb7,
    0x9a,
    0x8f,
    0x92,
    0x92,
    0x9a,
    0xa5,
    0xa4,
    0xa0,
    0x9b,
    0x9a,
    0x9b,
    0xa4,
    0xdf,
    0x00,
    0x00,
    0x00,
    0x00,
    0x00,
    0x00,
    0x00,
    0x00,
    0x00,
    0x00,
    0x00,
    0x00,
    0x00,
    0x00,
    0x00,
    0x00,
    0x00,
    0x00,
    0x00,
    0x00,
    0x00,
    0x00,
    0x00,
    0x00,
    0x00,
    0x00,
    0x00,
    0x00,
    0x00,
    0x00,
    0x00,
    0x00,
    0x00,
    0x00,
    0x00,
    0x00,
    0x00,
    0x00,
    0x00,
    0x00,
    0x00,
    0x00,
    0x00,
    0x00,
    0x00,
    0x00,
    0x00,
    0x00,
    0x00,
    0x00,
    0x00,
    0x00,
    0x00,
    0x00,
    0xeb,
    0xa3,
    0x93,
    0x8f,
    0x93,
    0x9a,
    0x9a,
    0x98,
    0x98,
    0x98,
    0x98,
    0x8a,
    0xda,
    0xff,
    0x00,
    0x00,
    0x00,
    0x00,
    0x00,
    0x00,
    0x00,
    0x00,
    0x00,
    0x00,
    0x00,
    0xf2,
    0x8e,
    0x60,
    0xad,
    0xed,
    0xbd,
    0xb0,
    0x99,
    0xff,
    0x00,
    0x00,
    0x00,
    0x00,
    0x00,
    0x00,
    0x00,
    0x00,
    0x00,
    0x00,
    0x00,
    0x00,
    0x00,
    0x00,
    0x00,
    0x00,
    0x00,
    0x00,
    0x00,
    0x00,
    0x00,
    0xda,
    0x84,
    0x83,
    0x83,
    0x84,
    0x8f,
    0x93,
    0x93,
    0xfa,
    0x00,
    0x00,
    0x00,
    0x00,
    0x00,
    0x00,
    0x00,
    0x00,
    0x00,
    0x00,
    0x00,
    0x00,
    0x00,
    0x00,
    0x00,
    0x00,
    0x00,
    0x00,
    0x00,
    0x00,
    0x00,
    0x00,
    0x00,
    0x00,
    0x00,
    0x00,
    0x00,
    0x00,
    0x00,
    0x00,
    0x00,
    0x00,
    0x00,
    0x00,
    0x00,
    0x00,
    0x00,
    0x00,
    0x00,
    0xe9,
    0xa4,
    0x98,
    0x9b,
    0xa0,
    0xac,
    0xb2,
    0xb2,
    0xb2,
    0xbe,
    0xf0,
    0x00,
    0x00,
    0x00,
    0x00,
    0x00,
    0x00,
    0x00,
    0x00,
    0xf7,
    0xe0,
    0xf7,
    0xdc,
    0x93,
    0x6e,
    0x31,
    0xf6,
    0x00,
    0x00,
    0x00,
    0x00,
    0x00,
    0x00,
    0x00,
    0x00,
    0x00,
    0x00,
    0x00,
    0x00,
    0x00,
    0x00,
    0x00,
    0x00,
    0x00,
    0x00,
    0x00,
    0x00,
    0x00,
    0x00,
    0x00,
    0x00,
    0x00,
    0x00,
    0x00,
    0x00,
    0x00,
    0x00,
    0x00,
    0x00,
    0x00,
    0x00,
    0x00,
    0x00,
    0x00,
    0x00,
    0x00,
    0x00,
    0x00,
    0x00,
    0x00,
    0xe1,
    0xa3,
    0x92,
    0x92,
    0x9a,
    0xac,
    0xac,
    0xb2,
    0xd4,
    0xfe,
    0x00,
    0x00,
    0x00,
    0x00,
    0x00,
    0x00,
    0x00,
    0x00,
    0x00,
    0x00,
    0x00,
    0x00,
    0xfe,
    0xee,
    0xc6,
    0xac,
    0xa4,
    0xb2,
    0xba,
    0xc3,
    0xf1,
    0x00,
    0x00,
    0x00,
    0x00,
    0x00,
    0x00,
    0x00,
    0x00,
    0x00,
    0x00,
    0x00,
    0x00,
    0x00,
    0x00,
    0x00,
    0x00,
    0x00,
    0x00,
    0x00,
    0x00,
    0x00,
    0x00,
    0x00,
    0x00,
    0x00,
    0x00,
    0x00,
    0x00,
    0xe7,
    0x9a,
    0x98,
    0x98,
    0xa0,
    0xa0,
    0xac,
    0xac,
    0xac,
    0xac,
    0xa4,
    0xaf,
    0xe9,
    0xff,
    0x00,
    0x00,
    0x00,
    0x00,
    0x00,
    0x00,
    0x00,
    0x00,
    0x00,
    0x00,
    0x00,
    0x00,
    0x00,
    0x00,
    0x00,
    0x00,
    0x00,
    0x00,
    0x00,
    0x00,
    0x00,
    0x00,
    0x00,
    0x00,
    0x00,
    0x00,
    0x00,
    0x00,
    0x00,
    0x00,
    0x00,
    0x00,
    0x00,
    0x00,
    0x00,
    0x00,
    0x00,
    0x00,
    0x00,
    0x00,
    0x00,
    0x00,
    0x00,
    0x00,
    0x00,
    0x00,
    0x00,
    0x00,
    0x00,
    0x00,
    0x00,
    0x00,
    0x00,
    0x00,
    0xfb,
    0xbd,
    0x9a,
    0x92,
    0x93,
    0x98,
    0xa4,
    0x9c,
    0xa0,
    0x9a,
    0xa0,
    0xc1,
    0xfd,
    0x00,
    0x00,
    0x00,
    0x00,
    0x00,
    0x00,
    0x00,
    0x00,
    0x00,
    0x00,
    0x00,
    0x00,
    0x9e,
    0x63,
    0x2c,
    0x56,
    0x82,
    0x84,
    0x7e,
    0x15,
    0xc7,
    0x00,
    0x00,
    0x00,
    0x00,
    0x00,
    0x00,
    0x00,
    0x00,
    0x00,
    0x00,
    0x00,
    0x00,
    0x00,
    0x00,
    0x00,
    0x00,
    0x00,
    0x00,
    0x00,
    0x00,
    0x00,
    0xfe,
    0xaa,
    0x93,
    0x8f,
    0x98,
    0x9c,
    0xa4,
    0xd3,
    0x00,
    0x00,
    0x00,
    0x00,
    0x00,
    0x00,
    0x00,
    0x00,
    0x00,
    0x00,
    0x00,
    0x00,
    0x00,
    0x00,
    0x00,
    0x00,
    0x00,
    0x00,
    0x00,
    0x00,
    0x00,
    0x00,
    0x00,
    0x00,
    0x00,
    0x00,
    0x00,
    0x00,
    0x00,
    0x00,
    0x00,
    0x00,
    0x00,
    0x00,
    0x00,
    0x00,
    0x00,
    0x00,
    0x00,
    0x00,
    0xff,
    0xe7,
    0xac,
    0xaf,
    0xb2,
    0xba,
    0xba,
    0xca,
    0xeb,
    0xfb,
    0x00,
    0x00,
    0x00,
    0x00,
    0x00,
    0x00,
    0x00,
    0x00,
    0xce,
    0x54,
    0x21,
    0x73,
    0x8f,
    0x87,
    0x7e,
    0x2d,
    0xd6,
    0x00,
    0x00,
    0x00,
    0x00,
    0x00,
    0x00,
    0x00,
    0x00,
    0x00,
    0x00,
    0x00,
    0x00,
    0x00,
    0x00,
    0x00,
    0x00,
    0x00,
    0x00,
    0x00,
    0x00,
    0x00,
    0x00,
    0x00,
    0x00,
    0x00,
    0x00,
    0x00,
    0x00,
    0x00,
    0x00,
    0x00,
    0x00,
    0x00,
    0x00,
    0x00,
    0x00,
    0x00,
    0x00,
    0x00,
    0x00,
    0x00,
    0x00,
    0x00,
    0xff,
    0xda,
    0x9b,
    0xa4,
    0xac,
    0xba,
    0xbe,
    0xf0,
    0xff,
    0x00,
    0x00,
    0x00,
    0x00,
    0x00,
    0x00,
    0x00,
    0x00,
    0x00,
    0x00,
    0x00,
    0x00,
    0x00,
    0x00,
    0x00,
    0xff,
    0xf7,
    0xda,
    0xca,
    0xcf,
    0xf7,
    0x00,
    0x00,
    0x00,
    0x00,
    0x00,
    0x00,
    0x00,
    0x00,
    0x00,
    0x00,
    0x00,
    0x00,
    0x00,
    0x00,
    0x00,
    0x00,
    0x00,
    0x00,
    0x00,
    0x00,
    0x00,
    0x00,
    0x00,
    0x00,
    0x00,
    0x00,
    0x00,
    0x00,
    0x00,
    0xfe,
    0xbe,
    0xac,
    0xa5,
    0xac,
    0xb2,
    0xb2,
    0xb2,
    0xb2,
    0xb2,
    0xd0,
    0xfa,
    0x00,
    0x00,
    0x00,
    0x00,
    0x00,
    0x00,
    0x00,
    0x00,
    0x00,
    0x00,
    0x00,
    0x00,
    0x00,
    0x00,
    0x00,
    0x00,
    0x00,
    0x00,
    0x00,
    0x00,
    0x00,
    0x00,
    0x00,
    0x00,
    0x00,
    0x00,
    0x00,
    0x00,
    0x00,
    0x00,
    0x00,
    0x00,
    0x00,
    0x00,
    0x00,
    0x00,
    0x00,
    0x00,
    0x00,
    0x00,
    0x00,
    0x00,
    0x00,
    0x00,
    0x00,
    0x00,
    0x00,
    0x00,
    0x00,
    0x00,
    0x00,
    0x00,
    0x00,
    0x00,
    0x00,
    0x00,
    0x00,
    0xed,
    0xa0,
    0x98,
    0x9b,
    0xa4,
    0xac,
    0xb2,
    0xac,
    0xaf,
    0xd0,
    0xfd,
    0x00,
    0x00,
    0x00,
    0x00,
    0x00,
    0x00,
    0x00,
    0x00,
    0x00,
    0x00,
    0x00,
    0x00,
    0x00,
    0xaa,
    0x87,
    0x78,
    0x7e,
    0x8b,
    0x8f,
    0x8f,
    0x47,
    0xd7,
    0x00,
    0x00,
    0x00,
    0x00,
    0x00,
    0x00,
    0x00,
    0x00,
    0x00,
    0x00,
    0x00,
    0x00,
    0x00,
    0x00,
    0x00,
    0x00,
    0x00,
    0x00,
    0x00,
    0x00,
    0x00,
    0x00,
    0xf2,
    0xb7,
    0x93,
    0x9b,
    0xb2,
    0xcf,
    0xfd,
    0x00,
    0x00,
    0x00,
    0x00,
    0x00,
    0x00,
    0x00,
    0x00,
    0x00,
    0x00,
    0x00,
    0x00,
    0x00,
    0x00,
    0x00,
    0x00,
    0x00,
    0x00,
    0x00,
    0x00,
    0x00,
    0x00,
    0x00,
    0x00,
    0x00,
    0x00,
    0x00,
    0x00,
    0x00,
    0x00,
    0x00,
    0x00,
    0x00,
    0x00,
    0x00,
    0x00,
    0x00,
    0x00,
    0x00,
    0x00,
    0x00,
    0xff,
    0xeb,
    0xbe,
    0xca,
    0xda,
    0xf1,
    0xfb,
    0x00,
    0x00,
    0x00,
    0x00,
    0x00,
    0x00,
    0x00,
    0x00,
    0x00,
    0xfe,
    0xa2,
    0x72,
    0x50,
    0x7e,
    0x8b,
    0x8f,
    0x93,
    0x7a,
    0xed,
    0x00,
    0x00,
    0x00,
    0x00,
    0x00,
    0x00,
    0x00,
    0x00,
    0x00,
    0x00,
    0x00,
    0x00,
    0x00,
    0x00,
    0x00,
    0x00,
    0x00,
    0x00,
    0x00,
    0x00,
    0x00,
    0x00,
    0x00,
    0x00,
    0x00,
    0x00,
    0x00,
    0x00,
    0x00,
    0x00,
    0x00,
    0x00,
    0x00,
    0x00,
    0x00,
    0x00,
    0x00,
    0x00,
    0x00,
    0x00,
    0x00,
    0x00,
    0x00,
    0x00,
    0xff,
    0xdd,
    0xc3,
    0xd3,
    0xf1,
    0xfe,
    0x00,
    0x00,
    0x00,
    0x00,
    0x00,
    0x00,
    0x00,
    0x00,
    0x00,
    0x00,
    0x00,
    0x00,
    0x00,
    0x00,
    0x00,
    0x00,
    0x00,
    0x00,
    0x00,
    0x00,
    0xff,
    0xff,
    0x00,
    0x00,
    0x00,
    0x00,
    0x00,
    0x00,
    0x00,
    0x00,
    0x00,
    0x00,
    0x00,
    0x00,
    0x00,
    0x00,
    0x00,
    0x00,
    0x00,
    0x00,
    0x00,
    0x00,
    0x00,
    0x00,
    0x00,
    0x00,
    0x00,
    0x00,
    0x00,
    0x00,
    0x00,
    0x00,
    0x00,
    0xf7,
    0xc3,
    0xba,
    0xbe,
    0xbe,
    0xc3,
    0xd3,
    0xeb,
    0xfb,
    0xff,
    0x00,
    0x00,
    0x00,
    0x00,
    0x00,
    0x00,
    0x00,
    0x00,
    0x00,
    0x00,
    0x00,
    0x00,
    0x00,
    0x00,
    0x00,
    0x00,
    0x00,
    0x00,
    0x00,
    0x00,
    0x00,
    0x00,
    0x00,
    0x00,
    0x00,
    0x00,
    0x00,
    0x00,
    0x00,
    0x00,
    0x00,
    0x00,
    0x00,
    0x00,
    0x00,
    0x00,
    0x00,
    0x00,
    0x00,
    0x00,
    0x00,
    0x00,
    0x00,
    0x00,
    0x00,
    0x00,
    0x00,
    0x00,
    0x00,
    0x00,
    0x00,
    0x00,
    0x00,
    0x00,
    0x00,
    0x00,
    0x00,
    0x00,
    0xff,
    0xd0,
    0xb2,
    0xb2,
    0xba,
    0xba,
    0xbe,
    0xd3,
    0xf7,
    0xff,
    0x00,
    0x00,
    0x00,
    0x00,
    0x00,
    0x00,
    0x00,
    0x00,
    0x00,
    0x00,
    0x00,
    0x00,
    0x00,
    0x00,
    0xda,
    0x84,
    0x83,
    0x83,
    0x84,
    0x8f,
    0x93,
    0x93,
    0xfa,
    0x00,
    0x00,
    0x00,
    0x00,
    0x00,
    0x00,
    0x00,
    0x00,
    0x00,
    0x00,
    0x00,
    0x00,
    0x00,
    0x00,
    0x00,
    0x00,
    0x00,
    0x00,
    0x00,
    0x00,
    0x00,
    0x00,
    0x00,
    0xfb,
    0xc1,
    0xbe,
    0xe7,
    0xff,
    0x00,
    0x00,
    0x00,
    0x00,
    0x00,
    0x00,
    0x00,
    0x00,
    0x00,
    0x00,
    0x00,
    0x00,
    0x00,
    0x00,
    0x00,
    0x00,
    0x00,
    0x00,
    0x00,
    0x00,
    0x00,
    0x00,
    0x00,
    0x00,
    0x00,
    0x00,
    0x00,
    0x00,
    0x00,
    0x00,
    0x00,
    0x00,
    0x00,
    0x00,
    0x00,
    0x00,
    0x00,
    0x00,
    0x00,
    0x00,
    0x00,
    0x00,
    0x00,
    0x00,
    0xfe,
    0x00,
    0x00,
    0x00,
    0x00,
    0x00,
    0x00,
    0x00,
    0x00,
    0x00,
    0x00,
    0x00,
    0x00,
    0x00,
    0x00,
    0xc5,
    0x84,
    0x8b,
    0x83,
    0x83,
    0x8f,
    0x93,
    0xa5,
    0xf7,
    0x00,
    0x00,
    0x00,
    0x00,
    0x00,
    0x00,
    0x00,
    0x00,
    0x00,
    0x00,
    0x00,
    0x00,
    0x00,
    0x00,
    0x00,
    0x00,
    0x00,
    0x00,
    0x00,
    0x00,
    0x00,
    0x00,
    0x00,
    0x00,
    0x00,
    0x00,
    0x00,
    0x00,
    0x00,
    0x00,
    0x00,
    0x00,
    0x00,
    0x00,
    0x00,
    0x00,
    0x00,
    0x00,
    0x00,
    0x00,
    0x00,
    0x00,
    0x00,
    0x00,
    0x00,
    0x00,
    0xfe,
    0x00,
    0x00,
    0x00,
    0x00,
    0x00,
    0x00,
    0x00,
    0x00,
    0x00,
    0x00,
    0x00,
    0x00,
    0x00,
    0x00,
    0x00,
    0x00,
    0x00,
    0x00,
    0x00,
    0x00,
    0x00,
    0x00,
    0x00,
    0x00,
    0x00,
    0x00,
    0x00,
    0x00,
    0x00,
    0x00,
    0x00,
    0x00,
    0x00,
    0x00,
    0x00,
    0x00,
    0x00,
    0x00,
    0x00,
    0x00,
    0x00,
    0x00,
    0x00,
    0x00,
    0x00,
    0x00,
    0x00,
    0x00,
    0x00,
    0x00,
    0x00,
    0x00,
    0x00,
    0x00,
    0x00,
    0x00,
    0x00,
    0xfa,
    0xf3,
    0xf5,
    0xfb,
    0xfe,
    0x00,
    0x00,
    0x00,
    0x00,
    0x00,
    0x00,
    0x00,
    0x00,
    0x00,
    0x00,
    0x00,
    0x00,
    0x00,
    0x00,
    0x00,
    0x00,
    0x00,
    0x00,
    0x00,
    0x00,
    0x00,
    0x00,
    0x00,
    0x00,
    0x00,
    0x00,
    0x00,
    0x00,
    0x00,
    0x00,
    0x00,
    0x00,
    0x00,
    0x00,
    0x00,
    0x00,
    0x00,
    0x00,
    0x00,
    0x00,
    0x00,
    0x00,
    0x00,
    0x00,
    0x00,
    0x00,
    0x00,
    0x00,
    0x00,
    0x00,
    0x00,
    0x00,
    0x00,
    0x00,
    0x00,
    0x00,
    0x00,
    0x00,
    0x00,
    0x00,
    0x00,
    0x00,
    0x00,
    0xfe,
    0xe7,
    0xeb,
    0xf0,
    0xf7,
    0xfd,
    0x00,
    0x00,
    0x00,
    0x00,
    0x00,
    0x00,
    0x00,
    0x00,
    0x00,
    0x00,
    0x00,
    0x00,
    0x00,
    0x00,
    0x00,
    0x00,
    0x00,
    0xfe,
    0xaa,
    0x93,
    0x8f,
    0x98,
    0x9c,
    0xa4,
    0xd3,
    0x00,
    0x00,
    0x00,
    0x00,
    0x00,
    0x00,
    0x00,
    0x00,
    0x00,
    0x00,
    0x00,
    0x00,
    0x00,
    0x00,
    0x00,
    0x00,
    0x00,
    0x00,
    0x00,
    0x00,
    0x00,
    0x00,
    0x00,
    0x00,
    0x00,
    0x00,
    0xff,
    0x00,
    0x00,
    0x00,
    0x00,
    0x00,
    0x00,
    0x00,
    0x00,
    0x00,
    0x00,
    0x00,
    0x00,
    0x00,
    0x00,
    0x00,
    0x00,
    0x00,
    0x00,
    0x00,
    0x00,
    0x00,
    0x00,
    0x00,
    0x00,
    0x00,
    0x00,
    0x00,
    0x00,
    0x00,
    0x00,
    0x00,
    0x00,
    0x00,
    0x00,
    0x00,
    0x00,
    0x00,
    0x00,
    0x00,
    0x00,
    0x00,
    0x00,
    0x00,
    0x00,
    0x00,
    0x00,
    0x00,
    0x00,
    0x00,
    0x00,
    0x00,
    0x00,
    0x00,
    0x00,
    0x00,
    0x00,
    0x00,
    0x00,
    0x00,
    0x00,
    0x00,
    0xfb,
    0x93,
    0x84,
    0x8f,
    0x93,
    0x9c,
    0xac,
    0xdd,
    0xff,
    0x00,
    0x00,
    0x00,
    0x00,
    0x00,
    0x00,
    0x00,
    0x00,
    0x00,
    0x00,
    0x00,
    0x00,
    0x00,
    0x00,
    0x00,
    0x00,
    0x00,
    0x00,
    0x00,
    0x00,
    0x00,
    0x00,
    0x00,
    0x00,
    0x00,
    0x00,
    0x00,
    0x00,
    0x00,
    0x00,
    0x00,
    0x00,
    0x00,
    0x00,
    0x00,
    0x00,
    0x00,
    0x00,
    0x00,
    0x00,
    0x00,
    0x00,
    0x00,
    0x00,
    0x00,
    0x00,
    0x00,
    0x00,
    0x00,
    0x00,
    0x00,
    0x00,
    0x00,
    0x00,
    0x00,
    0x00,
    0x00,
    0x00,
    0x00,
    0x00,
    0x00,
    0x00,
    0x00,
    0x00,
    0x00,
    0x00,
    0x00,
    0x00,
    0x00,
    0x00,
    0x00,
    0x00,
    0x00,
    0x00,
    0x00,
    0x00,
    0x00,
    0x00,
    0x00,
    0x00,
    0x00,
    0x00,
    0x00,
    0x00,
    0x00,
    0x00,
    0x00,
    0x00,
    0x00,
    0x00,
    0x00,
    0x00,
    0x00,
    0x00,
    0x00,
    0x00,
    0x00,
    0x00,
    0x00,
    0x00,
    0x00,
    0x00,
    0x00,
    0x00,
    0x00,
    0x00,
    0x00,
    0x00,
    0x00,
    0x00,
    0x00,
    0x00,
    0x00,
    0x00,
    0x00,
    0x00,
    0x00,
    0x00,
    0x00,
    0x00,
    0x00,
    0x00,
    0x00,
    0x00,
    0x00,
    0x00,
    0x00,
    0x00,
    0x00,
    0x00,
    0x00,
    0x00,
    0x00,
    0x00,
    0x00,
    0x00,
    0x00,
    0x00,
    0x00,
    0x00,
    0x00,
    0x00,
    0x00,
    0x00,
    0x00,
    0x00,
    0x00,
    0x00,
    0x00,
    0x00,
    0x00,
    0x00,
    0x00,
    0x00,
    0x00,
    0x00,
    0x00,
    0x00,
    0x00,
    0x00,
    0x00,
    0x00,
    0x00,
    0x00,
    0x00,
    0x00,
    0x00,
    0x00,
    0x00,
    0x00,
    0x00,
    0x00,
    0x00,
    0x00,
    0x00,
    0x00,
    0x00,
    0x00,
    0x00,
    0x00,
    0x00,
    0x00,
    0x00,
    0x00,
    0x00,
    0x00,
    0x00,
    0x00,
    0x00,
    0x00,
    0x00,
    0x00,
    0x00,
    0x00,
    0x00,
    0x00,
    0xf2,
    0xb7,
    0x93,
    0x9b,
    0xb2,
    0xcf,
    0xfd,
    0x00,
    0x00,
    0x00,
    0x00,
    0x00,
    0x00,
    0x00,
    0x00,
    0x00,
    0x00,
    0x00,
    0x00,
    0x00,
    0x00,
    0x00,
    0x00,
    0x00,
    0x00,
    0x00,
    0x00,
    0x00,
    0x00,
    0x00,
    0x00,
    0x00,
    0x00,
    0x00,
    0x00,
    0x00,
    0x00,
    0x00,
    0x00,
    0x00,
    0x00,
    0x00,
    0x00,
    0x00,
    0x00,
    0x00,
    0x00,
    0x00,
    0x00,
    0x00,
    0x00,
    0x00,
    0x00,
    0x00,
    0x00,
    0x00,
    0x00,
    0x00,
    0x00,
    0x00,
    0x00,
    0x00,
    0x00,
    0x00,
    0x00,
    0x00,
    0x00,
    0x00,
    0x00,
    0x00,
    0x00,
    0x00,
    0x00,
    0x00,
    0x00,
    0x00,
    0x00,
    0x00,
    0x00,
    0x00,
    0x00,
    0x00,
    0x00,
    0x00,
    0x00,
    0x00,
    0x00,
    0x00,
    0x00,
    0x00,
    0x00,
    0x00,
    0x00,
    0x00,
    0x00,
    0x00,
    0xf7,
    0xa3,
    0x98,
    0x92,
    0xac,
    0xbc,
    0xfd,
    0x00,
    0x00,
    0x00,
    0x00,
    0x00,
    0x00,
    0x00,
    0x00,
    0x00,
    0x00,
    0x00,
    0x00,
    0x00,
    0x00,
    0x00,
    0x00,
    0x00,
    0x00,
    0x00,
    0x00,
    0x00,
    0x00,
    0x00,
    0x00,
    0x00,
    0x00,
    0x00,
    0x00,
    0x00,
    0x00,
    0x00,
    0x00,
    0x00,
    0x00,
    0x00,
    0x00,
    0x00,
    0x00,
    0x00,
    0x00,
    0x00,
    0x00,
    0x00,
    0x00,
    0x00,
    0x00,
    0x00,
    0x00,
    0x00,
    0x00,
    0x00,
    0x00,
    0x00,
    0x00,
    0x00,
    0x00,
    0x00,
    0x00,
    0x00,
    0x00,
    0x00,
    0x00,
    0x00,
    0x00,
    0x00,
    0x00,
    0x00,
    0x00,
    0x00,
    0x00,
    0x00,
    0x00,
    0x00,
    0x00,
    0x00,
    0x00,
    0x00,
    0x00,
    0x00,
    0x00,
    0x00,
    0x00,
    0x00,
    0x00,
    0x00,
    0x00,
    0x00,
    0x00,
    0x00,
    0x00,
    0x00,
    0x00,
    0x00,
    0x00,
    0x00,
    0x00,
    0x00,
    0x00,
    0x00,
    0x00,
    0x00,
    0x00,
    0x00,
    0x00,
    0x00,
    0x00,
    0x00,
    0x00,
    0x00,
    0x00,
    0x00,
    0x00,
    0x00,
    0x00,
    0x00,
    0x00,
    0x00,
    0x00,
    0x00,
    0x00,
    0x00,
    0x00,
    0x00,
    0x00,
    0x00,
    0x00,
    0x00,
    0x00,
    0x00,
    0x00,
    0x00,
    0x00,
    0x00,
    0x00,
    0x00,
    0x00,
    0x00,
    0x00,
    0x00,
    0x00,
    0x00,
    0x00,
    0x00,
    0x00,
    0x00,
    0x00,
    0x00,
    0x00,
    0x00,
    0x00,
    0x00,
    0x00,
    0x00,
    0x00,
    0x00,
    0x00,
    0x00,
    0x00,
    0x00,
    0x00,
    0x00,
    0x00,
    0x00,
    0x00,
    0x00,
    0x00,
    0x00,
    0x00,
    0x00,
    0x00,
    0x00,
    0x00,
    0x00,
    0x00,
    0x00,
    0x00,
    0x00,
    0x00,
    0x00,
    0x00,
    0x00,
    0x00,
    0x00,
    0x00,
    0x00,
    0x00,
    0x00,
    0x00,
    0x00,
    0x00,
    0x00,
    0x00,
    0x00,
    0x00,
    0x00,
    0x00,
    0x00,
    0x00,
    0xfb,
    0xc1,
    0xbe,
    0xe7,
    0xff,
    0x00,
    0x00,
    0x00,
    0x00,
    0x00,
    0x00,
    0x00,
    0x00,
    0x00,
    0x00,
    0x00,
    0x00,
    0x00,
    0x00,
    0x00,
    0x00,
    0x00,
    0x00,
    0x00,
    0x00,
    0x00,
    0x00,
    0x00,
    0x00,
    0x00,
    0x00,
    0x00,
    0x00,
    0x00,
    0x00,
    0x00,
    0x00,
    0x00,
    0x00,
    0x00,
    0x00,
    0x00,
    0x00,
    0x00,
    0x00,
    0x00,
    0x00,
    0x00,
    0x00,
    0x00,
    0x00,
    0x00,
    0x00,
    0x00,
    0x00,
    0x00,
    0x00,
    0x00,
    0x00,
    0x00,
    0x00,
    0x00,
    0x00,
    0x00,
    0x00,
    0x00,
    0x00,
    0x00,
    0x00,
    0x00,
    0x00,
    0x00,
    0x00,
    0x00,
    0x00,
    0x00,
    0x00,
    0x00,
    0x00,
    0x00,
    0x00,
    0x00,
    0x00,
    0x00,
    0x00,
    0x00,
    0x00,
    0x00,
    0x00,
    0x00,
    0x00,
    0x00,
    0x00,
    0x00,
    0x00,
    0x00,
    0xfd,
    0xdd,
    0xc1,
    0xcf,
    0xfb,
    0x00,
    0x00,
    0x00,
    0x00,
    0x00,
    0x00,
    0x00,
    0x00,
    0x00,
    0x00,
    0x00,
    0x00,
    0x00,
    0x00,
    0x00,
    0x00,
    0x00,
    0x00,
    0x00,
    0x00,
    0x00,
    0x00,
    0x00,
    0x00,
    0x00,
    0x00,
    0x00,
    0x00,
    0x00,
    0x00,
    0x00,
    0x00,
    0x00,
    0x00,
    0x00,
    0x00,
    0x00,
    0x00,
    0x00,
    0x00,
    0x00,
    0x00,
    0x00,
    0x00,
    0x00,
    0x00,
    0x00,
    0x00,
    0x00,
    0x00,
    0x00,
    0x00,
    0x00,
    0x00,
    0x00,
    0x00,
    0x00,
    0x00,
    0x00,
    0x00,
    0x00,
    0x00,
    0x00,
    0x00,
    0x00,
    0x00,
    0x00,
    0x00,
    0x00,
    0x00,
    0x00,
    0x00,
    0x00,
    0x00,
    0x00,
    0x00,
    0x00,
    0x00,
    0x00,
    0x00,
    0x00,
    0x00,
    0x00,
    0x00,
    0x00,
    0x00,
    0x00,
    0x00,
    0x00,
    0x00,
    0x00,
    0x00,
    0x00,
    0x00,
    0x00,
    0x00,
    0x00,
    0x00,
    0x00,
    0x00,
    0x00,
    0x00,
    0x00,
    0x00,
    0x00,
    0x00,
    0x00,
    0x00,
    0x00,
    0x00,
    0x00,
    0x00,
    0x00,
    0x00,
    0x00,
    0x00,
    0x00,
    0x00,
    0x00,
    0x00,
    0x00,
    0x00,
    0x00,
    0x00,
    0x00,
    0x00,
    0x00,
    0x00,
    0x00,
    0x00,
    0x00,
    0x00,
    0x00,
    0x00,
    0x00,
    0x00,
    0x00,
    0x00,
    0x00,
    0x00,
    0x00,
    0x00,
    0x00,
    0x00,
    0x00,
    0x00,
    0x00,
    0x00,
    0x00,
    0x00,
    0x00,
    0x00,
    0x00,
    0x00,
    0x00,
    0x00,
    0x00,
    0x00,
    0x00,
    0x00,
    0x00,
    0x00,
    0x00,
    0x00,
    0x00,
    0x00,
    0x00,
    0x00,
    0x00,
    0x00,
    0x00,
    0x00,
    0x00,
    0x00,
    0x00,
    0x00,
    0x00,
    0x00,
    0x00,
    0x00,
    0x00,
    0x00,
    0x00,
    0x00,
    0x00,
    0x00,
    0x00,
    0x00,
    0x00,
    0x00,
    0x00,
    0x00,
    0x00,
    0x00,
    0x00,
    0x00,
    0x00,
    0x00,
    0x00,
    0x00,
    0x00,
    0xff,
    0x00,
    0x00,
    0x00,
    0x00,
    0x00,
    0x00,
    0x00,
    0x00,
    0x00,
    0x00,
    0x00,
    0x00,
    0x00,
    0x00,
    0x00,
    0x00,
    0x00,
    0x00,
    0x00,
    0x00,
    0x00,
    0x00,
    0x00,
    0x00,
    0x00,
    0x00,
    0x00,
    0x00,
    0x00,
    0x00,
    0x00,
    0x00,
    0x00,
    0x00,
    0x00,
    0x00,
    0x00,
    0x00,
    0x00,
    0x00,
    0x00,
    0x00,
    0x00,
    0x00,
    0x00,
    0x00,
    0x00,
    0x00,
    0x00,
    0x00,
    0x00,
    0x00,
    0x00,
    0x00,
    0x00,
    0x00,
    0x00,
    0x00,
    0x00,
    0x00,
    0x00,
    0x00,
    0x00,
    0x00,
    0x00,
    0x00,
    0x00,
    0x00,
    0x00,
    0x00,
    0x00,
    0x00,
    0x00,
    0x00,
    0x00,
    0x00,
    0x00,
    0x00,
    0x00,
    0x00,
    0x00,
    0x00,
    0x00,
    0x00,
    0x00,
    0x00,
    0x00,
    0x00,
    0x00,
    0x00,
    0x00,
    0x00,
    0x00,
    0x00,
    0x00,
    0xfd,
    0xfe,
    0x00,
    0x00,
    0x00,
    0x00,
    0x00,
    0x00,
    0x00,
    0x00,
    0x00,
    0x00,
    0x00,
    0x00,
    0x00,
    0x00,
    0x00,
    0x00,
    0x00,
    0x00,
    0x00,
    0x00,
    0x00,
    0x00,
    0x00,
    0x00,
    0x00,
    0x00,
    0x00,
    0x00,
    0x00,
    0x00,
    0x00,
    0x00,
    0x00,
    0x00,
    0x00,
    0x00,
    0x00,
    0x00,
    0x00,
    0x00,
    0x00,
    0x00,
    0x00,
    0x00,
    0x00,
    0x00,
    0x00,
    0x00,
    0x00,
    0x00,
    0x00,
    0x00,
    0x00,
    0x00,
    0x00,
    0x00,
    0x00,
    0x00,
    0x00,
    0x00,
    0x00,
    0x00,
    0x00,
    0x00,
    0x00,
    0x00,
    0x00,
    0x00,
    0x00,
    0x00,
    0x00,
    0x00,
    0x00,
    0x00,
    0x00,
    0x00,
    0x00,
    0x00,
    0x00,
    0x00,
    0x00,
    0x00,
    0x00,
    0x00,
    0x00,
    0x00,
    0x00,
    0x00,
    0x00,
    0x00,
    0x00,
    0x00,
    0x00,
    0x00,
    0x00,
    0x00,
    0x00,
    0x00,
    0x00,
    0x00,
    0x00,
    0x00,
    0x00,
    0x00,
    0x00,
    0x00,
    0x00,
    0x00,
    0x00,
    0x00,
    0x00,
    0x00,
    0x00,
    0x00,
    0x00,
    0x00,
    0x00,
    0x00,
    0x00,
    0x00,
    0x00,
    0x00,
    0x00,
    0x00,
    0x00,
    0x00,
    0x00,
    0x00,
    0x00,
    0x00,
    0x00,
    0x00,
    0x00,
    0x00,
    0x00,
    0x00,
    0x00,
    0x00,
    0x00,
    0x00,
    0x00,
    0x00,
    0x00,
    0x00,
    0x00,
    0x00,
    0x00,
    0x00,
    0x00,
    0x00,
    0x00,
    0x00,
    0x00,
    0x00,
    0x00,
    0x00,
    0x00,
    0x00,
    0x00,
    0x00,
    0x00,
    0x00,
    0x00,
    0x00,
    0x00,
    0x00,
    0x00,
    0x00,
    0x00,
    0x00,
    0x00,
    0x00,
    0x00,
    0x00,
    0x00,
    0x00,
    0x00,
    0x00,
    0x00,
    0x00,
    0x00,
    0x00,
    0x00,
    0x00,
    0x00,
    0x00,
    0x00,
    0x00,
    0x00,
    0x00,
    0x00,
    0x00,
    0x00,
    0x00,
    0x00,
    0x00,
    0x00,
    0x00,
    0x00,
    0x00,
    0x00,
    0x00,
    0x00,
    0x00,
    0x00,
    0x00,
    0x00,
    0x00,
};

const lv_img_dsc_t hearts_superwide = {
    .header = {
        .cf = LV_IMG_CF_INDEXED_8BIT,
        .always_zero = 0,
        .reserved = 0,
        .w = 300,
        .h = 72,
    },
    .data_size = 22624,
    .data = hearts_superwide_map,
};
